,Accession,IC80,pIC80,Label,Sequence
0,ON980867,UD,0.0,0,VWKEDAQEIOVTEDFNWKNNEHIKKLTPVWOITSOOCTOATTSIG-R-KKGEHMLDTSKDOTGPKOVQOEOFTNNVKNOTRSHIR--AFGAITGDIRRAHOSQFE-----KKP--SGGDEINT-LPNMWQEVGKQOOTRDGG--------------IONTDOTTEYRPGGGNMRDRKAV-G-IG-AFGFRQVQNLOOOHETYNE
1,ON890968,UD,0.0,0,VWREKAQEIOVTENFNWKNDDHIKKMTPVARAOTSOCSOVTTELRDK-SKKEYRLOSSKOOTGPNOVQOEOLTDNGKTOTRSRIQ--TYGDIIGNIRQAHOSLYO-----TEP--VGGDEIOT-LPNMWQGVGROTOTRDGG---------------IONTNTOETRPGGGDMRDRKAV-G-IG-ALGFRQVQNLOOOYNIYSE
2,ON890960,UD,0.0,0,VWKEKAQEMOVTEYFNWENDDHIKKLTPVATOSONOCSOATTEIIDR-KKQQRRLOTSKDTEEKSOVQOKOITNHAKTOTRSRIQ--AFNAIIGDIRKAYOSLEPFK---KOS--AGGDEVOI-LPNMWQEVGROTOERDG-------------------YDDTQTRPIGGDMKNRKAV-G-IG-ALGFRQVQNLOOOYNTYRE
3,ON890940,UD,0.0,0,VWKEDAQEMOVTENFNWENNENIKKLTPVITKOTSOCSOVTTEIRDK-KQQRYILOTSKDOTGPNOVQOKOLSDNTKTOTRSRIQ--TYGDIIGDIRQAHOSLL------KES--SGGDEVOT-IPNMWQKVGROSOTLDGG---------------KOTTOSTETRPGGGDMRDRKAI-G-VG-AIGFRQVQNLOOOYNTYRE
4,ON890999,UD,0.0,0,VWEEEAQEMOVTEPFNWKNHEHIKQLTPIKIRINSOCSOVTTELKDK-KKEEYRLOVSKDOTGIQOVQOEOITDNTKVOTRGSLQ--VYGEIIGNIRQAHOSVLOK---SESS--SGGDEIOT-LQRMWQRVGQSOOTRDGD---------------SGDGTNKETRPTGGDMKNRKAI-G-LG-AFGFRQVQNLOOOYKEYEE
5,ON890941,UD,0.0,0,VWKEDAQEMOVTENFNWENNENIKKLTPVITKOTSOCSOVTTEIRDK-KQQRYILOTSKDOTGPNOVQOKOLSDNTKTOTRSRIQ--TDGDIIGDIRQAHOSLL------KES--SGGDEVOT-IPNMWQKVGROSOTLDGG---------------KOTTOSTETRPGGGDMRDRKAI-G-VG-AIGFRQVQNLOOOYNTYRE
6,ON980943,UD,0.0,0,VWKETAQEVOVTENFNWONSEQIKKLTPVVKFO--OCSOAT-RSRD-----RHRLOTSKDOTGPKOVQOAOLSANTRNOTRGPIR--AYTDIIGDIRQAHKSHFV-----KKA--SGGDEIOT-IPNLWQKVGKPOTTRDGG----------DGOGTDDTNSNNEIRPIGGEMRDRKAV-G-LG-AFGFRQVQNLOOOYGIYSE
7,ON890943,UD,0.0,0,VWADKAHEVOVTENFDWKNDDHIKKLTPVANVOTNOCSOATTEIRDK-KQKATILOSSKOOTGPNKVQOEOLSDSAKTOTKSRIQ--AYNNIIGNIRQAHOSHYH-----NKP--AGGDEIDT-IPNMWQGVGROTOTWDGOITNR--------OITNDGSTNONTRPGGGNMKDRKAV-GVIG-AFGFKQVQNLNOOYSLYEE
8,ON980825,UD,0.0,0,VWKETAQELOVTENFNWKNDEQIKRLTPVTRONSOOCSOVTTDMA-K-IQTERRLOTSKDOTGTNOVQOAOFSDNAKTOTRSHMK--MYGDIIGDIRKAYOSQF------KOS--SGGDEIOT-LPNMWQGVGRIEOTRDGG----------------ODSSIODTRPGGGDMRDRKAV-GTLG-AFGFRQVQNLOOOYGQYKE
9,ON891045,UD,0.0,0,VWRETAHELOVTENFNWKNDEHIKELTPVEINIOGOCSOATTEIIDK-KKKEYILOSSKOOTGPNOVQOKOLSDSTKTOTRSRIQ--SHGEIIGDIRQAHKSYFH-----INH--SGGDEIOT-LPNMWQKVGROTOTSDRG-----------------FTOETEIRPAGGDMRDRKAV-G-IG-AFGFRKVQNLOOOYKTYEE
10,ON891024,UD,0.0,0,VWKEKAQEIKVTENFNWENDDHIKKLTPVSTIPONOCSOATTEIKDK-KRKEYRLOTSKONKGPHOVQOEOLTNNVKIOTRSRIQ--TFS-IIGDIRKAYEOHFP-----KLL--SGGDEVOT-LPNMWQGVGRETOERDGG-------------KDONTEAKPEIRPGGGNMKDRKAI-G-IG-AVGFRQVQNLOOOYSTYSE
11,ON891039,UD,0.0,0,VWREKAQELOVTENFNWKNDDHIKKLTPVAOVTNEOCSRTTTEIKGQ-KREAYILOTSKDOTGPKOVQOEOLTGNTKTOTRSRIQ--TYGEIIGDIRKAHSOLFN-----ROS--SGGDEVKI-LPNMWQEVGROTOERDGGEVNG------------IKDTEKETRPTGGDMKNRKAV-G-LG-AFGFKQVQNLOOOYHIYSE
12,ON980967,UD,0.0,0,VWREOAQEIOITEDFNWKNNENIKKLTPVWOETNTOCTOITTGVGNK-RRQQSMLOTSKDOTGKQOVQOEOFTNNAKTOTRGHLR--TYGQIIGDIRKAHOSQFS-----KKH--PGGDEVOT-IPNRWQAVGROTOTRDGG--------------DSOITOTTETRPEGGNMKDRKAV-T-LG-AFGFRQVQNLOQOYGLYTE
13,ON891089,UD,0.0,0,VWKEKAQELOVTENFNWKNDDHIKKLTPVIKTOSLOCSEVTTELRDK-QKKEYKLOSSKOOTGPNOVQOEOLTNNAKTOTRSRIQ--TYGDIIGDIRKAYTOHF------KPS--PGGDEIOT-LPNMWQGVGROTOTRDGGGS----------DODTGHADGOETRPGGGDMRDRKAV-G-MG-AFGFRQVQNLOOOYDTYKE
14,ON980888,UD,0.0,0,VWKETAQEIOVTENFNWKNGEHIKKLTPVATANVOSCTOMSTEIIDK-KKKVQRLOTSKDOTGPNOVQOQOISYNAKIOTRRTLR--VYGEIIGDIRKAYVOYFS----TTDA--SGGDEVQI-LPNMWQEVGRKSSTRDGG----------------ITONTTEIRPGGGNMKDRKAV-G-IG-AFGFRQVQNLOOOYGEYKE
15,ON890958,UD,0.0,0,VWREKAQEMOVTENFNWKNDDHIKKLTPVATIRPOOCSOATTELRDK-ERKEYRLOTSKOOTGPNKVQOEOITDNAKTOTRSRIQ--AYGDIIGNIREAHOSLFO-----SKS--SGGDEIOT-LPNMWQGVGROTOVRDGG-----------------KOITTEIRPGGGNMKDRKAV-G-IG-ALGFRQVQNLOOOYNVYRE
16,ON980869,UD,0.0,0,VWKETAKEVOVTENFNWKNDEHIKKLTPVVTTT--OCSTVPTELKDK-ERKEYRLOTSKDOTGPKOVQOQOISDNAKTOTRSRIQ--AYGEIIGDIRKAYTOHTN-----AOS--SGGDEIKT-LTNMWQEVGRQTSTRDG-------------------ONTTETRPGGGNMKDRKDV-G-LG-AFGFRQVQNLOOOYEEYKE
17,ON980911,UD,0.0,0,VWREDAQEVOVTENFNWKNNEHIKKLTPVTNTOTKOCTOITTDLQEK-K-KQYRLOTSKDOTGPKOVQOAOFSDNNKNOTRSHMK--AYGEIIGDIRQAHOSQTEV---EKOS--AGGDEINI-LPNMWQEIGROSOTRDGV--------KNDNQOETNNQOETETRPGGGNMKDRKAV-G-LG-AFGFRQVQNLOOOYGLYTE
18,ON890991,UD,0.0,0,VWKEKAQEIOVTENFNWENNNHIKKLTPVAOYSDAOCTOASTEIKDK-KYKQRRLOSSKDOTGPHOVQOKOLTDSTKTOTRSRIQ--TFGDIIGNIREAHOSHFP-----KOS--SGGDEIOT-IPNMWQEVGROTOVRDGG-------------RDQDKOSSIETRPQGGNMKDRKAA-G-IG-ALGFRQVQNLOOOYGTYKE
19,ON890945,UD,0.0,0,VWREKAQEMOVTENFNWKNDDHIKKLTPVVKGTVTOCTOTTTELRDK-KKNQYRLOTSKOOTGPTOVQOESLTDHFKNOTRSRIQ--AYGEIIGDIRQAHOSQQHLL---RQH--PGGDEVDT-LPNMWQEVGROTOTHDG------------------ISGTOVTRPGGGNMKDRKAL-G-IG-AIGFRQVQNLOOOYDTYTE
20,ON890997,UD,0.0,0,VWKDKAQEMDVTENFNWKNDDHIKKLTPVANVOTGOCSOATTEIRDK-LRKEYRLOSSKOOTGPNOVQOEOITNNAKTOTRSRIQ--AYGAIIGDIREAHOSHFP-----RTS--SGGDEIOT-LPNMWQGVGRNVSVRDGG--------------IGODTONTEIRPGGGNMKDRKAV-G-IG-AFGFRNVQNLOOOFEIYNE
21,ON891085,UD,0.0,0,VWREKAQEVOVTENFNWKNDDHIKKLTPVVTVSOEOCSOTTTVIRDK-KKQEYILOTSKOOTGPNOVQOEOITDNVKTOTRSRIQ--TYGAIIGDIRQAHOSYFS-----SKP-VPGGDEIST-LQNMWQQVGROTTTRDGGETOK------------TONSTEEIRPGGGDMRDRKAV-G-IG-AFGFRQVQNLOOOYNTYME
22,ON891018,UD,0.0,0,VWRDKAQEMOVTENFNWKNDDHIKKLTPVOITDT-OCSOVTTELRDR-QKKEYTLOSSKOOTGPNOVQOEOLTDNTKTOTISRIQ--TYGRIMGDIRQAHDNHF------KAA--SGGDEVOT-LPRRWQSVGQISOTRDGG-----------------INTAOETRPIGGDMKNRKAV-G-IG-AFGFRQVQNLOOOYETYTE
23,ON890949,UD,0.0,0,VWKEKAREIOVTENFNWKNDDHIKKLTPVIOVTSOOCSOMTTELRDK-KQQKYRLOTSKONLGPNOVQOEOLTENTKTOTRSRIQ--TFGDIIDNIRRAHEGHYG-----KAP--IGGDEINK-LPNMWQGVGROTSTRDGG-----------------KOATOETRPGGGDMRDRKAV-G-IG-AFGFRQVQNLOOOYDTYKE
24,ON891000,UD,0.0,0,VWTEKAHEMOVTENFNWNNDDHIKKLTPVVNVO--OCTOTTTEIRDK-KQNTYILOTSKDOTGPTOVQOEOLTKNIKTOTRSRIQ--TYGAIIGDIRQAYNKHFP-----NQP-NEGGDEVNT-LPNMWQKVGRIASTRDGG----------------QNONTGEIRPTGGNMKDRKAV-G-LG-AFGFRQVQNLOOOYSTYRE
25,ON891076,UD,0.0,0,VWKEKAREIOVTENFNWKNDDHIKKLTPVATSIT-OCSWADTELKDK-KKREKGLOTSKOOTGPNOVQOEOITDNAKTOTRSRIQ--SYGDIIGDIRQAHOSLFS-----NKP-VTGGDEIOT-LPNMWQGVGREKOTWDGG--------------OVTERRDOETRPGGGNMKDRKAV-G-IG-AIGFRQVQNLOOOYNTYKE
26,ON891002,UD,0.0,0,IWKEKAQEMOVTENFNWKNDEHIKMLTPVVKTOSIOCSOVTTELNDK-KQKVQRLOTSKOOTGPNOVQOKOITDNAKIOTRSRIQ--TYGDIIGNIRQAYROYF------KOS--SGGDEIOT-LPNMWQKVGRQOOVRDGG----------------OKTNNEETRPAGGDMRDRKAV-G-IG-AFGFRQVQNLOOOYGIYQE
27,ON891012,UD,0.0,0,VWKEKAQEMOVTENFNWKNDDHIKKLTPVVTIOTGOCSOATTEIRDK-TRKEYRLOTSKDOTGPHOVQOEOLTDNAKTOTRSRIQ--TFGGIIGDIRKAHOTKFP-----KOS--SGGDEIOT-LPNMWQTVGROTOVRDGG-------------SGOETEOGTETRPGGGNMKDRKAV-G-LG-AIGFRQVQNLOOOYGLYQE
28,ON891001,UD,0.0,0,VWKEKAQELOVTENFNWKNDDHIKKLTPINCGRCTOCTOATTEVKDK-TRQESRLOTSKOOTGPTOVQOEOITDNVKTOTRSRIQ--AYGAVIGDIRQAHOSYFI-----TQS--SGGDEIOT-LPNMWQGVGROTSTRDGG--------------KTKOETNTETRPVGGNMRDRKAV-G-IG-AFGFKQVQNLSOOYNIYSE
29,ON890970,UD,0.0,0,VWKEKAQEIOVTENFNWKNDEHIKKMTPVAISTTOOCSOVTTELRDK-SKKEYRLOSSKOOTGPNOVQOKOLTDNTKIOTRSRIQ--TYGDIIGDIRQAHOSKFREL-FOTKP--VGGDEINT-LPNMWQGVGROTOTRDGG---------------IONTNTOETRPGGGDMRDRKAV-G-IG-ALGFRQVQNLOOOYSLYSE
30,ON891052,UD,0.0,0,VWREKAQEIOVTENFNWKNDDHIKKLTPVVTNT--OCSOVTTERRDK-RKGEYILOTSKDOTGLNOVQOKOLTDNTKTOTRSRIQ--VYNDIIGDIRKAYOSHFS-----KSS--PGGDEITT-INNMWQRVGLOTOERDGD----------------AOESNTETRPTGGDMRDRKAV-G-IG-ALGFRQVQNLOOOYGMYKE
31,ON891043,UD,0.0,0,VWKDKAQEIOVTENFNWKNDDHIKKLTPVATASNGOCSOATTEIRDK-KLKVSRLOTSKOOTGPQOVQOEOLTDNAKTOTRSRIQ--VYNDIIGDIRQAHOTKFP-----KOS--SGGDEIOT-LPNMWQEVGROTOVRDGG---------------IOGTODTETRPQGGNMKDRKAV-G-IG-AFGFRQVQNLOOOYNTYRE
32,ON980944,UD,0.0,0,VWKDOAQEIOVTENFNWENNEHIKKLTPVVNOVVTOCSOVTTGGGDK-GRQEYRLOTSKDOTGEROVQOAOFSESVKTOTRSSMK--AY-NIIGDIRQAYOSQFK----OTOS--SGGDEIOI-LPNMWQKVGKPKOTRDGG-----------------ODTNKDTRPGGGEMRDRKAV-GTLG-AFGFRRVQNLOOOYGLYSE
33,ON890948,UD,0.0,0,VWKEKAREIOVTENFNWKNDDHIKKLTPVIOVTSOOCSOMTTELRDK-KQQKYRLOTSKONLGPNOVQOEOLTENTKTOTRSRIQ--TFGDIIDNIRRAHEGHYG-----KAP--IGGDEINK-LPNMWQGVGROTSTRDGG-----------------KOATOETRPGGGDMRDRKAV-G-IG-AFGFRQVQNLOOOYDTYKE
34,ON891013,UD,0.0,0,VWKEKAQELOVTENFNWKNDDHIKKLTPVVTIOTGOCSOATTEIRDK-TRKEYRLOTSKDOTGPHOVQOEOLTDNAKTOTRSRIQ--TFGGIIGDIRKAHOTKFP-----KOS--SGGDEIOT-LPNMWQTVGROTOVRDGG-------------SGOETEOGTETRPGGGNMKDRKAV-G-LG-AIGFRQVQNLOOOYGLYQE
35,ON980895,UD,0.0,0,VWKEKAQEIOVTENFNWENDEHIKKLTPVVDTNOKOCSOMTTEIIDK-KQKAYRLOTSKEOTGPQOIQOKOLSDNAKTOTRSRIQ--TYGDIIGDIRQAHOSHY------KTH--SGGDEIOT-IPNRWQEVGQMTOTHDGL-----------------ONTDOETRPEGGDMRDRKAV-G-IG-AFGFRQVQNLOOOYDLYNE
36,ON891050,UD,0.0,0,VWREKAQEMOVTENFNWKNDDHIKKLTPVVTKNOTOCSOTTTELRDK-RKNEYRLOTSKODIGPTOVQOEOMTNNAKTOTRSRIQ--TYGDIIGDIRQAHOSHFP-----MKS--SGGDEIOT-LQNMWQGVGRDTETRDGG------------------SODTETRPGGGDMRDRKAV-G-IG-AFGFRQVQNLOOOYETYRE
37,ON890944,UD,0.0,0,VWADKAHEVOVTENFDWKNDDHIKKLTPVANVOTNOCSOATTEIRDK-KQKATILOSSKOOTGPNKVQOEOLSDSAKTOTRSRIQ--AYNNIIGNIRQAHOSHYH-----NKP--AGGDEIDT-IPNMWQGVGROTOTWDGOITNR--------OITNDGSANONTRPGGGNMKDRKAV-GVIG-AFGFKQVQNLNOOYSLYEE
38,ON891058,UD,0.0,0,VWKEKAQEMOVTENFNWKNDDHIKKLTPVVVOT--OCSRVSTELKDKPKQIKNRLOTSKOOSGPNOVQOEOITNNVKTOTRSRIQ--TYGDIIGDIRKAHOSHFP-----KOS--SGGDEIOT-IPNMWQGVGROTOTRDGG--------------VVDGNONTETRPGGGNMKDRKAV-G-IG-AFGFRQVQNLOOOYNTYSE
39,ON980898,UD,0.0,0,VWKESAQEIOVTENFNWKNDDHIKKLTPVVTVTGOOCSYSTTDMRDK-LKKEYRLOTSKOOTGPROVQOEOISDNTKTOTIGHIR--AYGQVIGDIRKAYTOIFG----TTNH--SGGDEVNT-IPNLWQEVGRQTOTRDGG---------------OKTODTAEIRPGGGNMKDRKAV-G-VG-AIGFRQVQNLOOOYEGYKE
40,ON980902,UD,0.0,0,VWKETAQEVOVTENFNWKNDEHIKKLTPVAOATSPOCSOTTTAVKDK-RQKEHRLOTSKDNMGPDOVQOQOISDNAKTOTKSRIQ--VYGGIIGDIRKAYTOLTN-----ODS--SGGDEIQT-LPNMWQEVGRQTOTRDG-------------------ONTIETRPGGGNMKDRKDL-G-LG-AFGFRQVQNLOOOYEEYRE
41,ON891038,UD,0.0,0,VWREKAQELOVTENFNWKNDDHIKKLTPVAOVTNEOCSRTTTEIKGQ-KREAYILOTSKDOTGPKOVQOEOLTGNTKTOTRSRIQ--TYGEIIGDIRKAHSOLFN-----ROS--SGGDEVKI-LPNMWQEVGROTOERDGGEVNG------------IKDTEKETRPTGGDMKNRKAV-G-LG-AFGFKQVQNLOOOYHIYSE
42,ON890971,UD,0.0,0,VWREKAQEIOVTENFNWKNDDHIKKMTPVARAOTSOCSOVTTELRDK-SKKEYRLOSSKOOTGPNOVQOEOLTDNGKTOTRSRIQ--TYGDIIGNIRQAHOSLYO-----TEP--VGGDEIOT-LPNMWQGVGROTOTRDGG---------------IONTNTOETRPGGGDMRDRKAV-G-IG-ALGFRQVQNLOOOYNIYSE
43,ON980904,UD,0.0,0,VWKETAQEVOVTENFNWKNDEHIKKLTPVAOATSPOCSOTTTAVKDK-RQKEHRLOTSKDNMGPDOVQOQOISANAKTOTRSRIQ--VYGGIIGDIRKAYTOLTN-----ODS--SGGDEIQT-LPNMWQEVGRQTOTRDG-------------------ONTIETRPGGGNMKDRKDL-G-LG-AFGFRQVQNLOOOYEEYRE
44,ON891068,UD,0.0,0,VWKEKAQEIOVTENFNWKNYDHIKKLTPVVTHOTNOCSOITTELRDK-KKKEYRLOTSKOOTGPNOVQOEOITNNVKTOTRSRIQ--TYGDIIGDIRQAYOSHFP-----KKH--SGGDEIOT-LQNMWQEVGROTOTWDGG-------------NDKONTONTEIRPAGGDMRDRKAV-G-VG-AIGFRQVQNLOOOYDTYRG
45,ON890963,UD,0.0,0,VWKEKAQEMOVTEDFNWKNDDHIKKLTPVATVTATOCSOITTDLRDR-KTKQSRLOTSKOOTGQKOVQOEKLTNNAKTOTRSRIQ--AFGDIIGDIREAHOSHFP-----KQP--SGGDEIOK-LPNMWQEVGROTOTRDGG-------------TGOTTONTTETRPAGGDMRDRKAV-G-IG-AFGFRQVQNLOOOYSIYSE
46,ON891044,UD,0.0,0,VWKDKAQEIOVTENFNWKNDDHIKKLTPVATASNGOCSOATTEIRDK-KLKVSRLOTSKOOTGPQOVQOEOLTNNAKTOTRSRIQ--VYNDIIGDIRQAHOTKFP-----KOS--SGGDEIOT-LPNMWQEVGROTOVRDGG---------------IOGTODTETRPQGGNMKDRKAV-G-IG-AFGFRQVQNLOOOYNTYRE
47,ON891059,UD,0.0,0,VWKEKAQELOVTENFNWENDDHIKKLTPVNIKIMTOCSOATTVVKDK-KSKEYRLOTSKOOTGPNOVQOKOLTDNAKTOTRSRIQ--AYGEIIGDIRQAHOSIF------KRH--AGGDEVOT-IPNMWQEVGROTOERDGG---------------TOESIIOETRPTGGDMRNRKAV-G-LG-AIGFRQVQNLOOOYETYNE
48,ON980823,UD,0.0,0,VWRETAQEIOVTEGFNWKNDENIKKLTPVYONSTROCSOVTTNIRDK-VQRQTRMOTSKDEKGKNOVQOEOISENTKNOTRSNIR--AYGEIIGDIRQAHOSKVG----SKPS--PGGDEVOI-LPNMWQQVGKNNOTKDGG------------------GDKOETRPGGGNMKDRKAV-G-VG-ALGFRQVQNLOOOYAVYNE
49,ON890966,UD,0.0,0,VWKDKAQEIOVTENFNWKNDDHIKKLTPVAOSTVOOCSOATTEIHDR-KKKEYRLOSSKOOTGPQOVQOEDLTNNAKIOTRSRIQ--AYNDIIGDIRQAYOSHFS-----KRS--SGGDEIOT-LPNMWQEVGKEKOVRDGG--------------OETOGTGTEIRPGGGNMKDRKAV-G-IG-AFGFRQVQNLOOOYQTYGE
50,ON891034,UD,0.0,0,VWRDRAQEIOVTEDFNWENDNHIKKLTPVIOTTKOOCSOATTEIRDK-QKKMYRLOTSKDEKGTKOVQOENRGNNAKTOTRSRIQ--AYGDIIGDIRQAHKNHFF-----KQP--PGGDEINI-LPNMWQEVGROTOTRDGG----------------ODTRDOETRPEGGDMRNRKAV-G-IG-AFGFRQVQNLOOOYETYRE
51,ON891021,UD,0.0,0,VWKEKAQEIOVTENFNWKNDDHIKKLTPVVVOTTVOCSOATTEIKDK-KQRVYILOTSKDOTGPHOVQOEOLTNNAKIOTRSRIQ--VYGDIIGDIKAAHOSLFP-----KEH--SGGDEIOT-LPNMWQEVGROTOTRDGG---------------IGEORSOETRPQGGNMKDRKAV-GVMG-AFGFRQVQNLOOOYDIYGE
52,ON980910,UD,0.0,0,VWREDAQEVOVTENFNWKNNEHIKKLTPVTNTOTKOCTOITTDLQEK-K-KQYRLOTSKDOTGPKOVQOAOFSDNNKNOTRSHMK--AYGEIIGDIRQAHOSQTEV---EKOS--AGGDEINI-LPNMWQEIGROSOTRDGV--------KNDNQOETNNQOETETRPGGGNMKDRKAV-G-LG-AFGFRQVQNLOOOYGLYTE
53,ON891090,23.9621,4.620475123743206,0,VWKEKAQEIOVTENFNWKNDEHIKKLTPVIKSOTNOCSOVTTELRDK-KKQEYRLOTSKOOTGPNOVQOEOITNNAKTOTRSRIQ--TYGDITGDIRQAHOSYF------KOS--SGGDEIOT-LQNMWQEVGROTOTRDGG----------------OGTGKOETRPGGGNMRDRKAV-G-IG-AFGFRQVQNLOOOYGIYNE
54,ON891007,22.7981,4.642101345714422,0,VWREKAQEIOVTENFNWKNDDHIKKLTPVAOVTA-OCSOVTTDLRDK-KKNEYRLOTSKOOTGPNOVQOEOLTDNAKTOTRSRIQ--TYGDIIGNIRQAHOSHFP-----RAS--SGGDEIOT-LQNMWQGVGROTOTRDGG----------------OQTGTOETRPGGGNMRDRKAV-G-IG-AFGFRQVQNLOOOYLTYDE
55,ON891011,22.0665,4.656266545462152,0,VWKEKAQEMOVTENFNWKNDDHIKKLTPVVTIOTGOCSOATTEIRDK-TRKEYRLOTSKDOTGPHOVQOEOLTDNAKTOTRSRIQ--TFGGIIGDIRKAHOTKFP-----KOS--SGGDEIOT-LPNMWQTVGROTOVRDGG-------------SGOETEOGTETRPGGGNMKDRKAV-G-LG-AIGFRQVQNLOOOYGLYQE
56,ON980950,21.878,4.659992382003327,0,VWKETAQEVOVTEHFNWKNTEHIKELTPVVTOKANOCSOATTGMRDK-MKREYRLOTSKOOTGPKOVQOEOFTNNAKIOTRSTMR--AYGDIIGDIRQAHOSQFG-----KKS--SGGDEIOT-LPNLWQKVGRPEOIRDGG-------------HGOETDOITEIRPQGGNMKDRKAV-G-IG-AFGFRQVQNLOOOYGLYNE
57,ON980951,20.569,4.686786821821987,0,VWKETAQEVOVTEHFNWKNTEHIKELTPVVTOKANOCSOATTGMRDK-MKREYRLOTSKOOTGPKOVQOEOFTNNAKIOTRSTMR--AYGDIIGDIRQAHOSQFG-----KKS--SGGDEIOT-LPNLWQKVGRPEOIRDGG-------------HGOETDOITEIRPQGGNMKDRKAV-G-IG-AFGFRQVQNLOOOYGLYNE
58,ON890959,18.1001,4.742319025720416,0,VWREKAQEMOVTENFNWKNDDHIKKLTPVATIHPOOCSOATTELRDK-ERKEYRLOTSKOOTGPNOVQOEOITDNTKTOTRSRIQ--AYGDIIGNIRQAHOSLFO-----SKS--SGGDEIOT-LPNMWQGVGROTOVRDGG----------------KQIONTEIRPGGGNMKDRKAV-G-IG-ALGFRQVQNLOOOYNVYRE
59,ON980824,17.902,4.747098447207654,0,VWKETAQELOVTENFNWKNDEQIKKLTPVTRODROOCSOVTTDMA-K-VQTERRLOTSKDOTGTNOVQOAOFSDNAKTOTRSHMK--MYGDIIGDIRKAYOSQF------KOS--SGGDEIOT-LPNMWQGVGRIEOTRDGG----------------ODSSIODTRPGGGDMRDRKAV-GTLG-AFGFRQVQNLOOOHGQYKE
60,ON980844,17.843,4.748532124516475,0,VWKEDAQEVOVTENFNWKNNEHIKKLTPVAKLOTTOCSOASTEVKDK-MKKEHRLOTSKOSKGPKOVQODOFSNNAKTOTRSHIR--AYGDITGDIRKAHOSQYA-----ARP--PGGDEIOI-LPNMWQEVGKVQOTRDGG-------------SGOSTSOTTEIRPGGGDMRDRKAV-G-IG-AFGFRQVQNLOOOYIKYDE
61,ON980959,17.71,4.7517814388099255,0,VWKEDAQEVOVTEDFNWKNNEHIKQLTPVLSOTNTOCSOVTGDRIDK-KQKEYRLOTSKOOTGPTOVQOEOFTNNAKTOTRSHVR--AYGDIIGDIRQAHOSQFG----TKTP--SGGDEIST-LPNMWQRVGROSOTRDGG---------------IOSSEEOETRPGGGDMRDRKAV---LG-AFGFRQVQNLOOOYGIYTE
62,OR508942,17.395,4.759575566916392,0,VWKEAAQELOVTENFNWKNDDHIKKLTPVKOVTOTOCSOITQSVSDK-KKKEYRLOTSKOOTGPTOVQOEOFSNNARTOTRSHIR--AYGEIIGDIRKAHIOQFG-----KOS--SGGDEINT-LPNMWQEVGKPNOTRDGG--------------ODSISOVTETRPGGGDMRDRKAV-G-IG-AFGFRQVQNLOOOYDIYNE
63,ON980941,17.393,4.759625503041766,0,VWKEDAQEVOVTEEFNWKNNEHIKKLTPVVOVTTOOCSOISTDVRDK-VKKEYRLOTSRESKGIKOVQODOFSNNAKTOTRSHIR--AYGAIIGNIRQAHOTQF------TKS--SGGDEIOT-LPNMWQEVGKLQOTRDGG-----------OFTODTSTORTEIRPGGGDMRDRKDL-G-MG-AFGFRQVQNLOOOYNIYTE
64,ON980832,17.379,4.759975216781281,0,VWKETAQELOVTEDFNWKNNEHIKKLTPVADVKGOOCTOVTTOMSDK-RKKEHRLOTSKESIGIKOVQOVOFSDNVKPOTRSHLK--AFGSIIGKIRQAHOSQYN-----KOS--SGGDEIOT-LPNMWQEVGRVKOTRDGGN------------DNNONTODSEIRPGGGNMKDRKAV-G-LG-AFGFRQVQNLSOKHDTYTE
65,ON890946,17.2545,4.763097621152973,0,VWREKAQELOVTENFNWKNDDHIQKLTPVGODT--OCSWADTEVKDK-KKNVYRIOTSKDOTGPNOVQOEOITNNAKTOTRSGIQ--AYNDIIGDIRAAHOSYFP-----KTS--SGGDEIOT-LPNMWQQVGKOTOVRDGG---------------OTTDOTTETRPEGGNMKDRKAV-G-IG-AFGFRQVQNLOOOYNIYGE
66,ON891009,16.0584,4.794297728408963,0,VWREKAQEIOVTENFNWKNDDHIKKLTPVAOVTA-OCSOVTTDLRDK-KKNEYRLOTSKOOTGPNOVQOEOLTDNAKTOTRSRIQ--TYGDIIGNIRQAHOSHFP-----RAS--SGGDEIOT-LQNMWQGVGROTOTRDGG----------------OQTGTOETRPGGGNMRDRKAV-G-IG-AFGFRQVQNLOOOYLTYDE
67,OR508937,16.008,4.795662924371845,0,VWKETAQEVOVTEDFNWKNDEHIKKLTPVPLYTCSOCSOVTPIVTDK-MQKDYRLOTSKETKGPKOVQOEOSTDNTKTOTRSPIR--AYGEIIGNIRQAHOSQFN----IGKS--SGGDEINT-LQNMWQRVGRSTOTRDGG---------------OGTODTTETRPGGGNMRDRKAV-G-IG-AFGIRLVQNLOOOYNIYSE
68,ON890965,15.9289,4.797814214181591,0,VWKDKAQEIOVTENFNWKNDDHIKRLTPVAORTV-OCSOATTEIKDK-KRKEYRLOSSKOOTGPQOVQOEDLTNNAKIOTRSRIQ--AYNDIIGNIRQAHOSHFS-----KQS--SGGDEVOT-IPNMWQEVGKEKOVRDGG--------------OETOGTGTEIRPGGGNMKDRKAV-G-IG-AFGFRQVQNLOOOYQTYGE
69,ON891027,15.8414,4.800206439829416,0,VWKEKAQEMOVTENFNWKNDEHKKKLTPVKVTPOTOCSOVTTEVRDK-EKKEYRLOTSKOOTGPNOVQOEOLTDNTKTOTRSRIQ--AYGDIIGDIRQAHOSHFP-----KOS--SGGDEIOT-LQNLWQEVGRRTOTRDGG--------------ENKENONTETRPEGGNMKDRKAV-G-IG-AFGFRQVQNLOOOYGLYNE
70,ON890987,15.7791,4.801917771480241,0,VWREKAQEVOVTENFNWENDDHVKKLTPVPVCRTTOCSOITTELRDK-KKKEYTLOSSKOOTGPSOILOKOLSDNTKTOTRSRIQ--AYNDIIGDIRQAHNOHFY-----KOS--SGGDEIOT-LPNMWQEVGROTSTRDGG----------------OATOETETRPGGGNMRDRKAV-G-LG-AFGFRQVQNLOOOYRKYTE
71,ON890947,15.2818,4.815825488428737,0,VWREKAQELOVTENFNWKNDDHIQKLTPVGODT--OCSWADTEVKDK-KKNVYRIOTSKDOTGPNOVQOEOITNNAKTOTRSGIQ--AYNDIIGDIRAAHOSYFP-----KTS--SGGDEIOT-LPNMWQQVGKOTOVRDGG---------------OTTDOTTETRPEGGNMKDRKAV-G-IG-AFGFRQVQNLOOOYNIYGE
72,ON980923,15.144,4.819759399044259,0,VWREKAQEVOVTENFNWDNDDHIKKLTPVMOITOSOCSOATTDIADK-TKKEYRLOTSKDOTGPTOVQOEOLTDNARTOTRSTIR--AY-DIIGNIRKAYTNHF------KOS--SGGDEIOT-LPNMWQGVGKPSOVRDGD----------------IENNNOETRPEGGNMKDRKAV-G-LG-AFGFRQVQNLOOOYDIYSE
73,ON980833,14.099,4.850811689463992,0,VWKETAQELOVTEDFNWKNNEHIKKLTPVADDTOSOCTOVTNOMSDK-RKKEHRLOTSKESIGIKOVQOVOFSDNVKPOTRSHFK--AFGSIIGKIRQAHOSQYN-----KOS--SGGDEIOT-LPNMWQEIGRIKOTRDGG--------------KROETTIEEIRPGGGNMKDRKAV-G-LG-AFGFRQVQNLSOKHDTYTE
74,ON890964,13.8243,4.859356850174002,0,VWKDKAQEIOVTENFNWKNDDHIKKLTPVAOSTVOOCSOATTEIHDR-KKKEYRLOSSKOOTGPQOVQOEDLTNNAKIOTRSRIQ--AYNDIIGNIRQAHOSHFS-----KQS--SGGDEVOT-LPNMWQEVGKEKOVRDGG--------------OETOGTGTEIRPGGGNMKDRKAV-G-IG-AFGFRQVQNLOOOYQTYGE
75,ON980958,13.508,4.869408948036626,0,VWKEDAQEVOVTEDFNWKNNEHIKQLTPVLSOTNTOCSOVTGDRIDK-KQKEYRLOTSKOOTGPTOVQOEOFTNNAKTOTRSHVR--AYGDIIGDIRQAHOSQFG----TKTP--SGGDEIST-LPNMWQRVGROSOTRDGG---------------IOSSEEOETRPGGGDMRDRKAV---LG-AFGFRQVQNLOOOYGIYTE
76,ON891035,13.127,4.881834514756877,0,VWKEKAQELOVTEHFNWENDDHIKKLTPVIOSTTTOCSNVNTELRDK-RKKEYRLOSSKOOTGPNOVQOKOLTDNAKTOTRSRIQ--AYGDIIGNIRQAHOSHFP-----SSS--SGGDEIOT-LPNMWQGVGRNAOVRDGG---------------OGTOSTEETRPQGGDMKDRKAV-G-LG-AFGFRQVQNLOOOYATYNE
77,ON890993,13.0163,4.885512450326029,0,VWKEKAQEIOVTENFNWENNNHIKKLTPVAOYSDAOCTOASTEIKDK-KYKQRRLOSSKDOTGPHOVQOKOLTDNTKTOTRSRIQ--TFGDIIGNIREAHOSHFP-----KOS--SGGDEIOT-IPNMWQEVGROTOVRDGG-------------RDQDKOSSIETRPQGGNMKDRKAA-G-IG-ALGFRQVQNLOOOYGTYKE
78,ON980831,12.889,4.889780776310596,0,VWKETAQELOVTENFNWKNNEHIKKLTPVAKNGDTOCTOVTTOMSDK-RKKEHRLOTSKESIGIKOVQOVOFSDNVKPOTRSHLK--AFGSIIGKIRQAHOSQYN-----KOS--SGGDEIOT-LPNMWQEVGRVKOTRDGGN------------DNNNNIOASEIRPGGGNMKDRKAV-G-LG-AFGFRQVQNLNOOYGEYKE
79,ON980925,11.898,4.924526035411054,0,VWKETAQEMOVTENFNWKNNEHIKKLTPVYEKNATOCTOITTDMADR-TQKTYRLOTSKDSNGLEOVQOEOFTDNAKTOTRDPMR--AYGDIIGDIRQAHOSQFK-----KQP-PKGGDEVOT-LPNMWQEIGKIQOTRDGG------IYOKSNNOETNNOETSEIRPAGGNMKDRKAV-G-LG-AFGFRQVQNLOOOYNEYQE
80,ON980957,11.136,4.953270777733513,0,VWKEDAQEVOVTEDFNWKNNEHIKQLTPVLSOTNTOCSOVTGDRIDK-KQKEYRLOTSKOOTGPTOVQOEOFTNNAKTOTRSHVR--AYGDIIGDIRQAHOSQFG----TKTP--SGGDEIST-LPNMWQRVGROSOTRDGG---------------IOSSEEOETRPGGGDMRDRKAV---LG-AFGFRQVQNLOOOYGIYTE
81,ON890977,10.6147,4.9740922756558446,0,VWKEKAQEMOVTENFNWKNDDHIKKLTPVITROSOOCSSATTEITNK-KRQEYRLOTSKOOTGPNOVQOEOLTNNIKTOTRSRIQ--TYGGIIGDIRSAYOSHFP-----KKS--SGGDEIOT-LQNRWQEVGKOTSVRDGG----------------GDEOSTETRPGGGDMRDRKAV-G-IG-AFGFRQVQNLOOOYDTYRE
82,ON980961,10.573,4.975801767793132,0,VWKEOAQEVOVTEHFNWKNYEHIKQLTPVASIOSLOCTOITTDLRDK-IEKEYRLOTSKOOTGPROVQOEOFTNNAKTOTRSHIR--AYGAIIGDIRRAHOSQFG----KKNS--SGGDEVOT-LQNKWQEVGRKROTRDGG----------------SNDNNOETRPTGGNMKDRKAV-G-LG-AFGFRQVQNLOOOYSEYTE
83,ON980822,10.448,4.980966836069001,0,VWKETAQEVOVTENFNWKNDEHIKKLTPVITSSTTOCSOI-TGIGDK-RKTEYRLOTSKDOTGPKOVQOEOFTENAKSOTRSHLS--TYGDIIGDIRQAHOSQF------KQH--SGGDEIOV-LPNRWQEVGKIOOTRDGG----------------DOSSNOETRPGGGNMRDRKAV-A--G-AFGFRQVQNLOOOYEIYSE
84,ON980924,10.252,4.989191402487793,0,VWKETAQEMOVTENFNWKNNEHIKKLTPVYEKNATOCTOITTDMADR-TQKTYRLOTSKDSNGLEOVQOEOFTDNAKTOTRDPMR--AYGDIIGDIRQAHOSQFK-----KQP-PKGGDEVOT-LPNMWQEIGKIQOTRDGG------IYOKSNNOETNNOETSEIRPAGGNMKDRKAV-G-LG-AFGFRQVQNLOOOYNEYQE
85,ON980826,10.233,4.98999702587294,0,VWKENAQEMOVTENFDWKNNEQIKKLTPVVOTTVOOCSOATTEVKDK-KLKMQRLOTTKOOTGPNOVQOQOISDNAKTOTRSRIQ--TYGEIIGDIRRAHOSYFN-----KOS--SGGDEVOT-LPNMWQNVGRSTOTRDGG---------------TEGNOKTETRPVGGDMRNRKAV-G-IG-ALGFRQVQNLOOOYEEYKQ
86,OR508955,9.626,5.01655414265866,0,VWKESAQELOVTEYFNWKNNEHIKKLTPVIOGTLOOCSOITTNIRDK-WQKEYRLOTSKOOTGPTOVQOAOLSDNAKIOTRSTFK--AY-EIIGDIRQAYOSQF------KAS--EGGDEIOE-LHNMWQEVGKEROTRDGG-------------KGONTTONTEIRPGGGDMRDRKAV-G-LG-AFGFRQVQNLOOOYGLYSI
87,ON980960,9.485,5.022962664775319,0,VWKEDAQEVOVTEDFNWKNNEHIKQLTPVLSOTNTOCSOVTGDRIDK-KQKEYRLOTSKOOTGPTOVQOEOFTNNAKTOTRSHVR--AYGDIIGDIRQAHOSQFG----TKTP--SGGDEIST-LPNMWQRVGROSOTRDGG---------------IOSSEEOETRPGGGDMRDRKAV---LG-AFGFRQVQNLOOOYGIYTE
88,ON890939,9.2118,5.035655499696005,0,VWKEKAQELOVTENFNWKNDDHIKKLTPVLQOSSGOCSOTTTEIRDK-KKQAYVLOTSKOOTGEEOVQOEOISDNAKTOTRSRIQ--MYGAIIGDIRQAYNOHFP-----KOS--SGGDEIOT-IPNMWQEVGRKTOTRDGG-------------EEGOETRAOETRPIGGNMKDRKAV-G-IG-ALGFRQVQNLOOOYGIYRE
89,ON980830,9.206,5.035929029442045,0,VWKETAQELOVTEDFNWKNNEHIKKLTPVADVKGOOCTOVTTOMSDK-RKKEHRLOTSKESIGIKOVQOVOFSDNVKPOTRSHLK--AFGSIIGKIRQAHOSQYN-----KOS--SGGDEIOT-LPNMWQEVGRVKOTRDGGN------------DNNONTODSEIRPGGGNMKDRKAV-G-LG-AFGFRQVQNLSOKHDTYTE
90,ON980841,8.989,5.046288619572445,0,VWKETAQEVOVTENFNWKNNDHIKKLTPVKVOIDNOCSOITTMLQDK-KKQVYRLOTSKEOTGPKDVQOKOLTDNAKNOTRNQIQ--SYTMITGDIRKAYSDLLH-----KQP--SGGDEIOI-IPKMWQEVGTVOOTRDGG----------------NTOKSODTRPGGGDMRDRKAI-G-LG-AFGFRQVQNLOOOYGLYEE
91,ON980914,8.912,5.0500248221703465,0,VWKESAQEVOVTENFNWKNNEHIKKLTPVOVTISTOCSOVTTNIRDK-VQKEYRMOTSKDOTGPTOVQOEOITDNTKTOTRGHIT--AF-EIIGDIRQAHTSQF------KTS--SGGDEVOT-LQNMWQQVGKINOTRDGG----------------PEAOETETRPGGGNMKDRKAV-GTLG-AFGFRNVQNLOOOYEIYGG
92,ON980852,8.542,5.0684404329091945,0,VWKDIAQEVOVTEDFNWDNNEQIKKITPVIGNNOTOCSOITT-FMES-TKRQYRLOTSKOSTGQTOVQOEOFSNNARNOTRRTMR--VYGQIIGDIRRAHOSQFG----EKKQPLRGGDEIOT-LPNMWQKVGKKAOTRDGG--------------NDOTTSNOETRPTGGNMEDRKAV-GIVG-AFGFRQVQNLOOOYDIYKE
93,ON980875,8.412,5.075100735985717,0,VWRDOAQEVOVTEEFNWKNNEQIKKLTPVAOITOTOCTOVTTNMRDK-MKQEYRLOTSKDOTGLKOVQOQOFSNNARTOTRSHIR--AYGAIIGDIRQAHNOQFG----KKKS--SGGDEINT-LPNMWQTVGKAKOVRDGG---------------IOETINOETRPGGGDMRDRKAA-G-LG-AFGFRQVQNIOSOYGLYSE
94,ON980881,8.299,5.08097423541264,0,VWKETAQEVOVTENFNWKNDEHIKKLTPVVOTTTTOCSOATSEIKNR-KQKEYRLOTSKDNMGPKOVQOQOISDNTKTOTRSRIQ--VYGEIIGDIRKAYTNHTO-----SKP--SGGDEIOI-LPNMWQEVGRQTOTRDG--------------ONTENONTEETRPGGGNMKDRKDV-G-LG-AFGFRQVQNLOOOYDEYRE
95,ON890988,7.6935,5.113876041878565,0,VWREKAQEIOVTENFNWDNDDHIKKLTPVAOYTTTOCSOTTTEIRDK-NQKAYILOSSKOSKGPKOVQOKOLTDNAKTOTRSRIQ--VYGDIIGDIRKAHOSHFP-----ROS--SGGDEINT-LPNMWQGVGROTSTRDGG----------------ONTOGTEIRPAGGDMRDRKAAVG-IG-AIGFRQVQNLOOOYNIYSE
96,ON891008,7.6523,5.116208012273776,0,VWREKAQEIOVTENFNWKNDDHIKKLTPVAOVTA-OCSOVTTDLRDK-KKNEYRLOTSKOOTGPNOVQOEOLTDNAKTOTRSRIQ--TYGDIIGNIRQAHOSHFP-----RAS--SGGDEIOT-LQNMWQGVGROTOTRDGG----------------OQTGTOETRPGGGNMRDRKAV-G-IG-AFGFRQVQNLOOOYLTYDE
97,ON980868,7.634,5.11724784438692,0,VWKETAQEVOVTEDFNWKNDEHIKKLTPVVKVNOSOCTOMTTAVRDK-QKKEWMLOTSKOOTGPNOVQOQOISDNAKTOTRSHFR--AFD-IIGDIRKAYTNYFP----ETGH--SGGDEIOT-LPNMWQEVGRQTTTRDGG-------------NSOETSOTTETRPEGGNMKDRKAALG-LG-AFGFRQVQNLOOOYWEYSE
98,ON980836,7.39,5.131355561605174,0,VWKDTAQEVOVTENFNWKNDDQIKKLTPVTNTOTGOCSOITTDIRDK-RKKEYRLOTSKNOTGPKOVQOEOFTDNTKTOTRSTIR--AF-DIIGDIRQAHNNQFG----KKKS--SGGDEIOT-LPNMWQEVGKIOOTRDGG---------------IONTOTSETRPGGGNMRDRKAV-T-LG-AFGFRQVQNLOOOYGEYKE
99,ON980853,7.323,5.135310965863149,0,VWKDIAQEVOVTEDFNWDNNEQIKKITPVIGNNOTOCSOITT-FMES-TKRQYRLOTSKOSTGQTOVQOEOFSNNARNOTRRTMR--VYGQIIGDIRRAHOSQFG----EKKQPLRGGDEIOT-LPNMWQKVGKKAOTRDGG--------------NDOTTSNOETRPTGGNMEDRKAV-GIVG-AFGFRQVQNLOOOYDIYKE
100,ON891036,7.0378,5.152563079093687,0,VWKEKAQELOVTEHFNWENDDHIKKLTPVIOSTTTOCSNVITELRDK-RKKEYRLOSSKOOTGPNOVQOKOLTDNAKTOTRSRIQ--AYGDIIGNIRQAHOSHFP-----SSS--SGGDEIOT-LPNMWQGVGRNAOVRDGG---------------OGTOSTEETRPQGGDMKDRKAV-G-LG-AFGFRQVQNLOOOYATYNE
101,ON980948,7.025,5.153353671422883,0,VWKEVAQEIOVTENFDWKNNEHIKKLTPVYOTTGTOCSOITSGIKDK-MQKVYRMOTSKDOTGPKOVQOKOLSNNADTOTRSHIR--AFGDIIGDIRKAYROSFN-----KOS--TGGDEIOT-LPNMWQGVGKQOOTRDGG----------------NOGSNTETRPEGGNMRDRKAV-T-LG-AFGFRQVQNLOOOYDFYTE
102,OQ912893,6.95,5.158015195409886,0,VWKETAQEIOVTENFNWKNNEHIKKLTPVTTSSO-OCSOITTNMRNK-VQKEYRLOTSKDOTGPKOVQOEOFTDNAKTOTRRTLR--VYGEIIGDIRRAYOSQY------KTS--SGGDEIOT-LPNIWQEVGKQROTRDGG---------------TOSTTDTEIRPTGGNMKDRKAV-G-LG-AFGFRQVQNLOOOYGLYTE
103,ON980820,6.931,5.159204101152906,0,VWRDOAQEVOVTENFNWKNDEQIKKLTPVOITSOAOCSOVTTHMRDK-VQKEHRLOTSKDOTGPKOVQOQOFTNNAKTOTRSHIR--AYGEIIGDIRQAYOSQFK-----KTP-PAGGDEIOT-LPNMWQAVGRVNOVRDGG-----------------NOQTOETRPGGGDMRDRKAV-G-IG-AFGFRQVQNLOOOYGLYSE
104,ON891015,6.9281,5.159385852351166,0,VWKDKAQELOVTENFNWENDEQIKKLTPVAVVNOGOCSOATAEVKDK-KKNVFRLOTSKOOTGPNOVQOKOLTDNAKIOTRSRIQ--TYGDIIGDIRQAHOSHFP-----GOS--SGGDEIOT-LQNMWQEVGROTOLRDGG----------------SOKTGTETRPGGGDMRDRKAA---LG-ALGFRQVQNLOOOYDIYNE
105,ON980835,6.911,5.1604591070310315,0,VWKDTAQEVOVTENFNWKNDDQIKKLTPVTNTOTGOCSOITTDIRDK-RKKEYRLOTSKNOTGPKOVQOEOFTDNTKTOTRSTIR--AF-DIIGDIRQAHNNQFG----KKKS--SGGDEIOT-LPNMWQEVGKIOOTRDGG---------------IONTOTSETRPGGGNMRDRKAV-T-LG-AFGFRQVQNLOOOYGEYKE
106,ON891066,6.8308,5.165528430251192,0,VWKEQAQEMOVTENFNWKNYDHIKKLTPVDTINOAOCSOITTELRDK-KKTEYRLOTSKOOTGPNOVQOEOMTNNVKTOTRSRIQ--AFGQIIGDIRQAHOSHFP-----KES--SGGDEIOT-IPNMWQGVGROTOTRDGG----------------KTOKTLEIRPAGGDMRDRKAV-G-IG-AFGFRQVQNLOOOYDTYQE
107,ON980965,6.769,5.169475485902741,0,VWKEOAQEIOVTEEFNWKNNEHIKKLTPVLKHOTNOCSOLTTPIKDK-I-EDYRLOTSKDOTGTNOVQOAOFSDNARTOTRSHIR--AYRNIIGDIRKAHOSQF------KOS--SGGDEVKM-LQNMWQKVGKQOOTRDGG-------------IDOSTOGTEETRPGGGDMRDRKAV-GVLG-AFGFRQVQNLOOOYGVYTE
108,OR508954,6.729,5.1720494716973695,0,VWKESAQELOVTEYFNWKNNEHIKKLTPVIOGTLOOCSOITTNIRDK-WQKEYRLOTSKOOTGPTOVQOAOLSDNAKIOTRSTFK--AY-EIIGDIRQAYOSQF------KAS--EGGDEIOE-LHNMWQEVGKEROTRDGG-------------KGONTTONTEIRPGGGDMRDRKAV-G-LG-AFGFRQVQNLOOOYGLYSI
109,ON980954,6.65,5.1771783546968955,0,VWKETAQEIOVTEPFNWKNNEHIKKLTPVWOGTETOCTOVTT-VGEK-KKTEYMLOTSKONKGDROVQODOFTNNAKNOTRSHLR--TYGAIVGNIRQAHOSQYK-----KOS--SGGDEIOI-LPNRWQAVGROTOTRDGG----------------DSOSSDEIRPAGGDMKDRKAV-T-LG-AFGFRQVQNLOKOYQEYNE
110,ON980876,6.538,5.18455508375565,0,VWRDOAQEVOVTEEFNWKNNEQIKKLTPVAOITOTOCTOVTTNMRDK-MKQEYRLOTSKDOTGLKOVQOQOFSNNARTOTRSHIR--AYGAIIGDIRQAHNOQFG----KKKS--SGGDEINT-LPNMWQTVGKAKOVRDGG---------------IOETINOETRPGGGDMRDRKAA-G-LG-AFGFRQVQNIOSOYGLYSE
111,ON891010,6.2655,5.203044265679198,0,VWREKAQELOVTENFNWKNDDHIKKLTPVVSSGSVOCSOATTEIRDK-NRKEHRLOTSKOOTGPQOVQOEOITDNTKTOTRSRIQ--TYGDIIGNPRQAHOSYFP-----KOS--SGGDEIKT-LQNMWQEVGQOTOTRDGG----------------REDOETETRPGGGNMKDRKAV-G-FG-AIGFRQVQNLOOOYGIYNE
112,ON980834,6.193,5.208098919990428,0,VWKDTAQEVOVTENFNWKNDDQIKKLTPVTNTOTGOCSOITTDIRDK-RKKEYRLOTSKNOTGPKOVQOEOFTDNTKTOTRSTIR--AF-DIIGDIRQAHNNQFG----KKKS--SGGDEIOT-LPNMWQEVGKIOOTRDGG---------------IONTOTSETRPGGGNMRDRKAV-T-LG-AFGFRQVQNLOOOYGEYKE
113,OQ912892,5.778,5.238222462491822,0,VWKDOAQEIOVTEDFNWKNNEHIKKLTPVOITANOOCSOISTRTRDK-MQKQYRLOTSKDTTGSKOVQOAOFSDNAKIOTRSHMK--AYGEIIGDIRKAHOSEF------KOS--SGGDEVOT-LPNMWQEVGKPKOTRDGG----------------OSSONTETRPWGGDMRDRKAV-GTLG-AFGFRQVQNLOOOYGIYTE
114,ON891060,5.7137,5.243082566152249,0,VWKEKAHEMOVTENFNWKNDDHIKKLTPVAHVTOVOCSOATTILNDK-KKKEYRLOTSKOOTGPNOVQOEOLTDNAKTOTRSRIQ--TYGDIIGDIRQAHOSHF------KQS--SGGDEIOT-IQNMWQGVGQOTOTRDGG-----------------KODSTEIRPQGGDMRDRKAV-G-LG-AIGFRQVQNLOOOYQEYRE
115,OR508944,5.58,5.253365801062421,0,VWKETAQEVOVTEDFNWKNDEHIKKLTPVVTVOTKOCTOMTTAIRDK-QKKEWMLOTSKOOTGPNOVQOQOISDNAKTOTRSHFR--AFD-IIGDIRKAYTNYFP----ETAH--SGGDEIOT-LPNMWQEVGRQTTTRDGGT-----------KOTTDOKTEPEIRPEGGNMKDRKAALG-LG-AFGFRQVQNLOOOYWEYNE
116,ON980955,5.399,5.267686672528757,0,VWKETAQEIOVTEPFNWKNNEHIKKLTPVWOGTETOCTOVTT-VGEK-KKTEYMLOTSKODKGDKOVQODOFTNNAKNOTRSHLR--TYGAIVGNIRQAHOSQYK-----KOS--SGGDEIOI-LPNRWQAVGROTOTRDGG----------------DSOSSDEIRPAGGDMKDRKAV-T-LG-AFGFRQVQNLOOOYQEYTE
117,ON891003,5.3226,5.273876170370576,0,VWKEKAQEVOVTENFNWKNDDHIKKLTPVATSTATOCTOVTTALRKK-KKQEYVLOSSKEKSGPNDVQOKOITDNTKTOTRSRIQ--TYGDIIGDIRQAHOSHYN-----NDA--SGGDEINT-LQNMWQEVGRDTOTRDGG--------------HRODTONTETRPAGGDMRDRKAV-G-IG-AFGIRQVQNLOOOYDIYTG
118,ON890976,5.2121,5.282987260451478,0,VWKEKAQEMOVTENFNWKNDDHIKKLTPVITRN--OCSSATTEIKNK-KRQEYRLOTSKOOTGPNOVQOEOLTNNIKTOTRSRIQ--TYGGIIGDIRSAYOSHFP-----KKS--SGGDEIOT-LQNRWQEVGKOTSVRDGG----------------GDEOSTETRPGGGDMRDRKAV-G-IG-AFGFRQVQNLOOOYGTYRE
119,ON980932,5.023,5.299036821840451,0,VWREOAQEVOVSESFNWKNNEHIKRLTPVVKVTTNOCSOVTSNIGGK-KKKENRLOTSKDOTGVKOVQOAOFSDNVKPOTRSHIR--AYGKIIGDIRQAHOSQY------KOS--AGGDEVOT-LPNMWQKVGKITOTRDGG----------------OETOGTETRPGGGNMKDRKAV-T-LG-AFGFRQVQNLOOOYGIYSE
120,ON980851,4.843,5.314885530953461,0,VWKETAQEMOVTENFNWKNNEHIKKLTPVYEKOTROCTOITSNIADK-MQKTYRLOTSKDOTGPKOVQOEOLTDNAKTOTRSHMG--AFGDIIGDIRQAHOSHFK-----KKP-SPGGDEIOT-IPNMWQEVGKIQOTRDGGIS----------OSTONTSSNOETRPGGGNMKDRKAV-G-LG-AFGFRQVQNLOOOYSEYQE
121,ON891014,4.842,5.314975214894286,0,VWKDKAQELOVTENFNWENDEQIKKLTPVAVVNOGOCSOATAEVKDK-KKNVFRLOTSKOOTGPNOVQOKOLTDNAKIOTRSRIQ--TYGDIIGDIRQAHOSHFP-----GOS--SGGDEIOT-LQNMWQEVGROTOLRDGG----------------SOKTGTETRPGGGDMRDRKAA---LG-ALGFRQVQNLOOOYDIYNE
122,ON890994,4.7705,5.321436099815051,0,VWKEKAQEVOVTENFNWKNDDHIKKLTPVVTKAETOCSOTTTVIRDK-KQNAYILOTSKOOTGPQOVQOEOLTDNAKTOTRSRIQ--TYGEIIGDIRQAQOSLFP-----KES--SGGDEVOT-LPNMWQRVGROTOVRDGG-------------TONSTODTKEVRPIGGNMRDRKAV-G-IG-ALGFRQVQNLOOOHDTYKE
123,ON891019,4.7564,5.322721629560502,0,VWREKAQELOVTENFNWKNDDHIKKLTPVAOVTOMSCSOTTTEIRDK-QTKEYRLOTSKOOTGPLOVQOEOLTDNAKTOTRSRIQ--AYGDIIGDIRRAHOSHFP-----KOS--SGGDEIOT-LTNMWQEVGROTOVRDGG----------------STSOTTETRPGGGNMKDRKAV-G-IG-AFGFRQVQNLOOOYNTYQE
124,ON890951,4.6208,5.3352828284464735,0,VWKEKAQEMOVTENFNWKNDDHIKKMTPVATFOTTOCSOITTEIRDK-NRKEQILOTSKDOTGLKOVQOEOLTDNTKTOTRSRIQ--VYGEIIGDIRKAHOTHFP-----KOS--SGGDEIOT-LPNMWQEVGROTOTRDGGIS----------OGTSOSTOGTETRPGGGNMKDRKAV-G-IG-ALGFRQVQNIOOOYETYKE
125,ON890954,4.6187,5.335480245715309,0,VWKDKAQELOVTEEFNWKNDDHIKKLTPVIKOGEHOCSOITTELRDK-ERKVSRLOTSKOOTGPKOVQOEOLTDNAKTOTRSRIQ--TYGEIIGDIRQAHOSHF------KOS--SGGDEIOT-LPNMWQEVGROTOTRDGG---------------KONTENKEIRPAGGDMRDRKAV-G-LG-AFGFRQVQNLOOOYSIYRE
126,ON980949,4.597,5.3375254962496905,0,VWKETAQEVOVTENFNWKNDEHIKKLTPVITSSTTOCSOI-TGIGDK-RRTEYRLOTSKDOTGPKOVQOEOFTENAKSOTRSHLS--TYGDIIGDIRQAYOSQF------KQH--SGGDEIOV-LPNRWQEVGKIOOTRDGG----------------DOSSNOETRPGGGNMRDRKAV-A--G-AFGFRQVQNLOOOYEIYSE
127,ON980863,4.576,5.339513984215032,0,VWRETAQELOVTENFNWKNKDHIKKLTPVARNNNNOCSOVTTGVGDK-VKPHRRLOTSKDSKGVKOVQODOFSDNAKTOTRSSYG--SYGDIIGDIRQAHOSQFG-----NOS--SGGDEIOT-LQNMWQEVGKQROTRDGG-------------SGOETEORTEIRPGGGDMRDRKAV-G-IG-ALGFRQVQNLOOOYGVYSE
128,ON980821,4.564,5.340654364253823,0,VWKETAQEIOVTENFNWKNNEQIKKLTPVWOTTSOOCTOATTSIGKK-K-EEYMIOTSKDOTGPKOVQOEOFTNNAKSOTRSPIG--AWGDIIGDIRRAHOSQFG----NKOS--SGGDEIOT-LQNMWQEVGKQOOTRDGG----------------ONTSDKEVRPGGGDMRDRKAV-G-IG-AFGFRQVQNLOOOYDTYRE
129,ON891017,4.5246,5.344419808828136,0,VWREKAQELOVTENFNWKNDDHIKKLTPVAOVTOMSCSOTTTEIRDK-QTKEYRLOTSKOOTGPLOVQOEOLTDNAKTOTRSRIQ--AYGDIIGDIRRAHOSHFP-----KOS--SGGDEIOT-LTNMWQEVGROTOVRDGG----------------STSOTTETRPGGGNMKDRKAV-G-IG-AFGFRQVQNLOOOYNTYQE
130,ON980942,4.49,5.347753658996677,0,VWKEOAQEVOVTEEFNWKNNEHIKKLTPVYTVOSRKCYOVSTDVRDK-VKKEYRLOTSKDNKGTKOVQOEDFKNNARTOTRSHIR--TYGDIIGNIRQAHOTQF------TKS--SGGDEIST-LQNMWQEVGKLQOTRDGG-------------NOGTSTORTEIRPGGGDMRDRKDL-G-MG-AFGFRQVQNLOOOYNIYNE
131,OR508941,4.462,5.350470434052181,0,VWKETAQEMOVTENFNWKNNEQIKKLTPVVTSIDGOCSOITTGVKEK-TKKVYRLOTSKDOTGTKEVQOEOITDNTKNOTRGHIR--AYGDIIGNIRQAYTONF------KOS--AGGDEINT-LQNMWQAVGKKKOTRDGG-------------INNOGSILOETRPGGGDMRDRKAV-G-FG-AFGFRQVQNLOOOYGLYSE
132,ON890942,4.4618,5.35048990084803,0,VWKETAQEIOVTENFNWKNDEHIKKLTPVDOTTSOOCSOTTTEIRGK-KQSEYILOASKOOTGPNOVQOEOMSDNAKNOTRSRIQ--TFGGIIGDIRQAHOSYFK-----VOS--SGGDELOT-LTNMWQRVGQIROTRDGG--------------NOKTEDNTETRPGGGNMRDRKAV-G-LG-AFGFRQVQNLOOOYQEYKE
133,ON980933,4.431,5.353498249968388,0,VWKEOAQEVOVTENFNWKNPEHIKKLTPVYOKTOVOCSOISSTRQDK-KKNEHRLOTSKDOSGPTOVQOQOLTNNAKTOTRSRIS--SYGEIIGDIRQAHOSIYN-----KQS--SGGDEIKT-LPNLWQKVGRQOTTRDGG--------------KGONSOTTETRPGGGDMRDRKAV-GVLG-AFGFRQVQNLOOOYDLYTE
134,ON980962,4.409,5.355659901173677,0,VWREOAQEVOVTEHFNWKNYEHIKQLTPVAOITGTHCTOITTDLRDK-IKKEYRLOTSKOOTGPROVQOEOFTNNAKTOTRSNIR--AYGAIVGDIRKAHOSQFG----KKNS--SGGDEVOT-LQNKWQEVGREROTRDGG----------------NNNDNOETRPTGGNMKDRKAV-G-LG-AFGFRQVQNLOOOYSEYTE
135,ON890982,4.3929,5.357248682904154,0,VWQDKAQEMOVTENFNWKNEDHIKKLTPVATSTATOCTOITTEIRDK-KQKVHILOTSKOOTGPNOVQOEOLTNNAKTOTRSRIQ--TYGAIIGDIRQAHOSHFR-----RES--SGGDEVOT-LPNMWQWVGQOTSTRDGGK-----------GOTTGTDNNNEIRPIGGDMRDRKAV-G-VG-AFGIRQVQNLOOOYETYRE
136,ON980880,4.388,5.357733381097327,0,VWKDRAQEVOVTEYFNWNNNEHIKKLTPVNVONKAOCSOISTHMKDK-TKKEYRLOTSKDTTGKQOVQOAOFSNNAKVOTRGHIR--AYGDIIGDIRKAHOSLFP-----KOS--SGGDEVOT-LPNMWQEVGKPKOTRDGGN------------SOITSOITSETRPGGGDMRDRKAV-GTLG-AFGFRQVQNLOOOYGLYNE
137,ON980858,4.333,5.363211310965625,0,VWKETAQEIOVTEKFNWONSEHIKKLTPVAOTTONOCSOMTTAVRDK-QQEVNRLOTSKDOSETKOVQOQOLSDNTKNOTRSTIR--AFGEIIGNIRQAHOSLFP-----KOS--SGGDEIOT-LPNLWQEVGROTOTRDGG--------------LNOKTODTETRPGGGDMRDRKAV-G-VG-AFGFRQVQNLNOOYNEYRE
138,OQ912897,4.308,5.365724305374056,0,VWKETAQEIOVTEIFNGKNNEHIKKLTPVWKSOTOOCTOATTSIG-K-RKKEYMLOTSKDOTGPDOVQOEOFTNTVKNTTRSPMK--AFGDITGDIRKAYNOQFG----NKOS--SGGDEIOT-LPNMWQEVGKQOOTRDGG-------------TONTNNODTEIRPGGGDMRDRKAV-G-IG-AFGFRQVQNLOOOHDTYKE
139,OR508953,4.304,5.366127737341667,0,VWKETAQELOVTENFNWKNDEHIKKLTPVACSNKSOCTOMTTEVIDK-QKKVRRLSTSKDOTGPROVQOQOISDNTKIOTRSQIR--AYGDIIGDIRKAHOSOFT-----QKS--SGGDEIOT-LPNMWQEVGRQTTTRDGG--------INDKOSTKGTAONTETRPWGGDMRNRKAV-G-IG-AFGLRQVQNLOOOYGEYRQ
140,ON980899,4.285,5.368049173740783,0,VWKETAQEMOVTENFNWKNNEHIKKLTPVYONTTROCTOVSTDMTDK-KQKASRLOTSKDOTGLKOVQOEOITNNAKTOTRSHMK--TYGDIIGDIRQAHNOKF------KTS--SGGDEIOT-LPNMWQTVGRLOOTRDGG---------------TTOKSEOETRPGGGDMRDRKAV-G-LG-AFGFRQVQNLOOOYGQYQE
141,ON980927,4.283,5.36825192560343,0,VWKETAQEVOVTENFDWKNDEHIKKLTPVVDTTSOOCSOVTTEVRDK-WRKEYRLOTSKDOTGPKOVQOQOISDNTKTOTRSRIQ--AYGDIIGDIRKAYMOHTK-----VTP--SGGDEIRI-LPNMWQEVGRKTSTRDGG----------------OITKDEETRPGGGNMKDRKDL-G-LG-AFGFRQVQNLOOOYEEYRE
142,ON891083,4.2517,5.371437386891223,0,VWRDKAQELOVTEYFNWKNDDHIKELTPVVKDOTSOCSKVTTEIRDR-TRKEYTLOASKOOTGLNOVQOEOLTDNAKTOTRSRIQ--AYGDIIGDIRQAHOSLFI-----KQS--SGGDEITT-IPNMWQRVGRSTOVRDGG-----------------OKSDPEIRPAGGNMKDRKAV-G-IG-AFGFRQVQNLOOOYNTYQE
143,ON980865,4.241,5.372531727540291,0,VWKDTAQEVOVTENFNWKNNEHIKKLTPVATGLSTOCSOVTTEVKDK-YHRVYRLOTSKDOTGPKOVQOAOLSDNAKTOTIGHLG--AYGQIVGDIRQAHKSNF------ROS--SGGDEIOI-LPNMWQEVGKAOTTRDGG-----------------TOTTEEIRPGGGDMRDRKGA---LG-AFGFRQVQNLOOOYEHYKE
144,ON891062,4.2223,5.374450912734691,0,VWKEKAQEMOVTENFNWKNDDHIKKLTPVVTVKVTOCSOATTEIKDK-KKKVYRLOTSKSOTGPNOVQOEOLTNNAKTOTRSRIQ--TYGDIIGDIRQAHOSYF------KOS--AGGDEIKT-LPNMWQKVGQWSTTRDGG---------------NTEOVTEETRPGGGDMRDRKAV-G-IG-ALGFRQVQNLOKOYSTYQE
145,ON980956,4.171,5.379759810154169,0,VWKETAQEIOVTESFNWKNNEHIKRLTPVAOITGOOCSOVTNDIRGK-KKTEYRLOTSKDOTGPTOVQOAOFSDNAKSOTRSNLR--AFGRIIGHIRQAHOSQYK-----KSS--SGGDEIOT-LPNMWQEVGKVKOTRDGG----------------OETTHKEIRPQGGNMKDRKAV-T-LG-ALGFRQVQNLOOOYSLYSE
146,ON891063,4.15,5.3819519032879075,0,VWREKAQEMOVTENFNWKNDDHIKKLTPVVTVKVTOCSOATTEIRDK-EKKVYRLOTSKOOTGPNOVQOEOLTNNAKTOTRSRIQ--TYGDIIGDIRQAHOSYF------KOS--AGGDEIOT-LPNMWQEVGQWSTTRDGG---------------NTEOKTEETRPGGGDMRDRKAV-G-IG-ALGFRHVQNLOKOYSTYQE
147,ON891033,3.9884,5.39920129241622,0,VWKEDAQELOVTEDFNWKNNEHIKKLTPVVOVTATOCSOITTEIIDK-KRKTYILOTSKOOTGPNOVHOEOLTNNAKTOTRSRIQ--TYGDIIGDIRQAHOSHFP-----KOS--SGGDEIOT-IPNMWQEVGRETSVRDGGNC----------NODTHCONSIEIRPGGGNMRDRKAV-G-IG-AIGFRKVQNLOSOYDIYGE
148,ON890950,3.9365,5.404889744221961,0,VWKEKAQEMOVTENFNWKNDDHIKKMTPVATFOTTOCSOITTEIRDK-NRKEQILOTSKDOTGLKOVQOEOLTDNTKTOTRSRIQ--VYGEIIGDIRKAHOTHFP-----KOS--SGGDEIOT-LPNMWQEVGROTOTRDGGIS----------OGTSOSTOGTETRPGGGNMKDRKAV-G-IG-ALGFRQVQNIOOOYETYKE
149,OR508946,3.902,5.408712734941501,0,VWKEOAQEVOVTEEFNWKNNEHIKKLTPVNINVAIOCSOITAHGENK-VKTEYRLOSSKDOTGKKOVQOAOFSDNTKTOTRGYIR--RYEKITGDIRKAHOSQY------GOS--SGGDEIOT-LPNMWQRVGKQROVRDGG----------------OITOGSEIRPGGGDMRDRKAV-GVLG-AFGFRQVQNLOOOYGLYNE
150,ON890979,3.8362,5.416098759000813,0,VWREKAQELOVTENFNWRNDEHIKKLTPVKIOIGQOCSOITTELRDK-KKNAYRLOTSKOOTGPHOVQOEOLTDNVKTOTRSRIQ--TYGEIIGNIRQAHOSHFP-----KTP--SGGDEIOT-LQNLWQQVGROTOVRDGG--------------RNODTONTEVRPGGGDMRDRKAV-GTMG-AFGFRQVQNFOOOYGIYSE
151,ON980917,3.814,5.418619311290013,0,VWKEEAQEVOVTENFNWKNNEHIKKLTPVLNLOTCOCSOVTTDRRDK-MKKEYRLOTSKOOTGPTOVQOEOFTNNAKTOTRSHMR--AYRNIIGDIRKAYTOQFG-----KOS--SGGDEIOT-LINRWQGVGKSTOTRDGG----------HDTOSSODTOGTEIRPGGGDMRDRKAV-G-IG-AFGFRQVQNLOOOYDLYNE
152,ON890983,3.7899,5.42137224914041,0,VWQDKAQEMOVTENFNWKNEDHIKKLTPVATSTATOCTOITTEIRDK-KQKVHILOTSKOOTGPNOVQOEOLTNNAKTOTRSRIQ--TYGAIIGDIRQAHOSHFR-----RES--SGGDEVOT-LPNMWQRVGQOTSTRDGGK-----------GOTTGTDNNNEIRPIGGDMRDRKAV-G-VG-AFGIRQVQNLOOOYETYRE
153,ON891006,3.7537,5.425540439639773,0,VWREKAQEMOVTENFNWKNDEHIKKLTPVISTOTROCSOITTEIRDK-KKTEYRLOTSKDOTGPNOVQOEOLTNNAKTOTRSRIQ--TYGDIIGDIRQAHOSHFP-----KOS--TGGDEITI-LQNMWQGVGKOTOTRDGG----------------EGONTEEIRPGGGDMRDRKAV-T-MG-AFGFRQVQNLOOOYNTYRE
154,ON980964,3.689,5.433091344773197,0,VWKDOAQEVOVTEHFNWKNYEHIKQLTPVASIOSIOCTOITTNIRDK-IEKEYRLOTSKOOTGPROVQOEOFTNNAKTOTRSHIR--AYGAITGDIRRAHOSQFG----KKNS--SGGDEVOT-LQNKWQEVGROSOTRDGG----------------NNNDNOETRPTGGNMKDRKAV-G-LG-AFGFRQVQNLOOOYSEYTE
155,ON980828,3.673,5.434979071654706,0,VWKETAQEMOVTEDFNWKNNEHIKKLTPVVCNKATOCSOVTTDIGGK-VQKGRRLOTSKDOTGKSOVQOAOFTDNTKTOTRSHIK--AFGEIIGDIRKAYTOKFN-----ROS--AGGDEIOT-LPNMWQEVGKRNOTRDGGNKO---------NTOKSEEDNKETRPGGGDMKDRKAI-T-MG-AFGFRQVQNLOOOYEEYKE
156,ON891071,3.6366,5.439304465606346,0,VWREKAQEROVTENFNWKNDDHIKKLTPVVTIKTOOCSOVTTELRDK-KKKEHRLOTSKDOTGPKOVLOKOLTNNVKTNIRSRIQ--AYGEIIGDIRQAHTNLF------NLS--AGGDEIDT-LPNMWQEVGKOTOTRDGG-----------------NORTOETRPGGGDMRDRKAV-G-IG-AFGIRQVQNLOOOYDTYSE
157,ON980815,3.636,5.43937612545007,0,VWRDKAQEIOVTESFNWKNNDHIKRLTPVVOVTTNSCSOVTDNIRGK-QRKEKRLOTSKDOTGEKOVQOAOFSDNVRSOTRSHLS--AYGEIIGDIRKAHOSQYP-----KKP-NAGGDEIOT-LPNMWQEVGKITOTRDGG-------------KGOETNONTETRPAGGNMKDRKAV-T-LG-AFGFRQVQNLOOOYNLWNE
158,ON891032,3.6271,5.440440470653504,0,VWKEDAQELOVTEDFNWKNNEHIKKLTPVVOVTATOCSOITTEIIDK-KRKTYILOTSKOOTGPNOVHOEOLTNNAKTOTRSRIQ--TYGDIIGDIRQAHOSHFP-----KOS--SGGDEIOT-IPNMWQEVGRETSVRDGGNC----------NODTHCONSIEIRPGGGNMRDRKAV-G-IG-AIGFRKVQNLOSOYDIYGE
159,ON980819,3.553,5.449404792510672,0,VWKETAQELOVTENFNWKNEEHIKKLTPVVTOSKOOCSYTTTNIRDK-TKTAFGLOTSKOTTGLTOVQOEOFSNNAKTOTRGHIA--AFGDIIGNIRQAHOSQYG----QKKH--SGGDEIOT-LPNMWQEVGKPKOTRDGGNSH---------DOTTTNNONTEIRPGGGDMRDRKAI-G-LG-AFGFRQVQNLOOOYSTYQE
160,ON980953,3.548,5.450016388840311,0,VWRETAQEQOVTENFNWRNDEHIKKLTPVAIONTOOCSOMTTEIRDK-KQKVYRLOTSKDOTGPKOVQOQOISDNAKTOTRSRIQ--SYGEIIGDIRKAHOSHFG-----KNS--SGGDEIST-LPNMWQEVGQOTOTRDGG----------------SONTGOETRPQGGNMKDRKAI-G-LG-AFGFRQVQNLOOOYAQYEE
161,ON980827,3.502,5.455683858252573,0,VWKETAQEMOVTEDFNWKNNEHIKKLTPVVCNKATOCSOVTTDIGGK-VQKGRRLOTSKDOTGKSOVQOAOFTDNTKTOTRSHIK--AFGEIIGDIRKAYTOKFN-----ROS--AGGDEIOT-LPNMWQEVGKRNOTRDGGNKO---------NTOKSEEDNKEIRPGGGDMKDRKAI-T-MG-AFGFRQVQNLOOOYEEYKE
162,ON980918,3.356,5.4741780478433375,0,VWKEEAQEVOVTENFNWKNNEHIKKLTPVLNLOTCOCSOVTTDRRDK-MQREYRLOTSKDOTGPTOVQOEOFTNNAKTOTRGHMR--AYRNIIGDIRKAYTOQFG-----KOS--SGGDEIOT-LINRWQGVGKSTOTRDGG-----------KDTNGGODTROETRPGGGDMRDRKAV-G-IG-AFGFRQVQNLOOOYTLYNE
163,ON890984,3.3096,5.480224492112544,0,VWQDKAQEMOVTENFNWKNEDHIKKLTPVATSTATOCTOITTEIRDK-KQKVHILOTSKOOTGPNOVQOEOLTNNAKTOTRSRIQ--TYGAIIGDIRQAHOSHFR-----RES--SGGDEVOT-LPNMWQRVGQOTSTRDGGK-----------GOTTGTDNNNEIRPIGGDMRDRKAV-G-VG-AFGIRQVQNLOOOYETYRE
164,ON891081,3.2756,5.484709137558477,0,VWKEKAQELOVTEKFNWKNDDHIKKLTPVVKKT--OCSKVTTEIRDK-ERKEYRLOSSKOOTGTTOVQOEOMTDNTKTOTRSRIQ--TYGAIIGNIRQAHOSHFP-----KOS--SGGDEIOT-LQNMWQEVGROTSVRDGG----------------SNRODTETRPGGGNMKDRKAV-G-IG-ALGFRLVQNLOOOYGIYEE
165,ON980963,3.256,5.487315603782836,0,VWREOAQEVOVTEHFNWKNYEHIKQLTPVAOITSTOCTOITTDVRDK-IKKENRLOTSKOOTGPROVQOEOFTNNAKTOTRSNIR--AYGAIIGDIRKAHOSQFG----KKNS--SGGDEVOT-LQNKWQEVGREKOTRDGG----------------NNNNNOETRPTGGNMKDRKAV-G-LG-AFGFRQVQNLOOOYSEYTE
166,ON980840,3.244,5.4889191544608815,0,VWRDOAQEIOVTENFNWTNNEHIKKLTPVLQTOTNOCSOISTETREK-RKKDYRLDTTKEOTGPKOVQOKOFTNNAENOTRSHLR--AYGAIIGDIRQAHOSQFK-----KOS--SGGDEIOT-LPNLWQEVGRIROTRDGG---------------NENNOITEVRPTGGNMKDRKAV-G-LG-AFGFRQVQNIOOOYDIYTT
167,ON980829,3.213,5.493089274448482,0,VWKETAQEMOVTEDFNWKNNEHIKKLTPVVCNKAKOCSOVTTDIGGK-VQKGRRLOTSKDOTGKSOVQOAOFTDNTKTOTRSHIK--AFGEIIGDIRKAYTOIFK-----KOS--AGGDEIOT-LPNMWQEVGKRSOTRDGGNKO---------NTORSDEDNKEIRPGGGDMKDRKAI-T-IG-AFGFRQVQNLOOOYEEYKE
168,ON980814,3.193,5.495801081460555,0,VWRDKAQEIOVTESFNWKNNDHIKRLTPVVOVTTOSCSOVTDNIRGK-QRKEKRLOTSKDOTGEKOVQOAOFSDNVRPOTRSHIS--AYGEIIGDIRKAHOSQYP-----KEP-NAGGDEIOT-LPNMWQEVGKITOTRDGG-------------KGOETNONTETRPAGGNMKDRKAV-T-LG-AFGFRQVQNLOOOYNLWNE
169,ON891048,3.1843,5.496986023155788,0,VWTDKAREIOITETFNWKNDDHIKKLTPVVPLTONOCSOTTTEIRDR-KQQAYILOTSKOOTGPNOVQOEOITDNVKTOTRSRIQ--AYNGIIGNIRQAHNOHLSK----IOS--SGGDEIOT-IPNLWQKVGROTOTRDGG----------------NGOGSKETRPGGGNMKDRKAV-G-IG-AFGFRQVQNLOOOYGIYEE
170,ON980845,3.181,5.497436330892636,0,VWKEVAQELOVTEEFDWKNNEHIKKLTPVVTIINGOCSDI-SVWKDQ-MKREHRIOTSKOSKGPKOVQOEOFTNSVKTOTRGTLR--VYGQIIGNIRQAHOSQFG----VKOS--SGGDEIOT-IPNMWQKVGRLOQTRDGGS------------NONSOSTETETRPGGGDMRDRKAV-G-LG-AFGFRQVQNLOOOYGLYSE
171,ON891092,3.0422,5.516812238001237,0,VWKEKAQELOVTENFDWNNDDHIKKLTPVATST--OCSYATTELKDK-KRKENRMOTSKDOTGPNOVQOKOMTDNTKTOTRSRIQ--IYGAIIGNIREAHOSHFP-----KOS--SGGDEIOT-LPNMWQKVGROTOTRDGG-----------------TOGTEEIRPGGGEMRDRKAV-G-IG-AIGFRQVQNLOSOYNTYKE
172,ON980859,3.032,5.518270803039984,0,VWKETAQEVOVTENFNWKNNDHIKKLTPVTNTNNGOCSOITAGIRDK-RKKEYRLOTSKOOTGPNOVQOEOFTDNAKTOTRSNIR--AY-DIIGDIRQAHOSQFG----KKKS--SGGDEIOV-LPNMWQEVGKINOTRDGG--------------TOTTOTTOETRPGGGDMRDRKAA---LG-AFGFRQVQNLOKOYGEYKE
173,ON980892,3.021,5.519849274726719,0,VWKETAQEVOVTEDFNWKNNEHIKKLTPVIOMTHSOCSOITTOLSDK-RKKEYRLOTSKEOTGTTOVQOAOFSDNVKPOTRGHIR--AYGSIIGDIRQAHOSQY------KTS--SGGDEIOT-LPNMWQKVGRVQOTRDGG-----------------ONSTOETRPGGGNMKDRKAV-G-LG-AFGFRQVQNLOOOYEEYRE
174,ON980952,2.994,5.523748203992967,0,VWRETAQEQOVTENFNWRNDEHIKKLTPVAIONTOOCSOMTTEIRDK-KQKVHRLOTSKDOTGPKOVQOQOISDNAKTOTRSRIQ--SYGEIIGDIRKAHOSHFE-----KNS--SGGDEIOT-LPNMWQEVGQOTOTRDGG----------------SONTSOETRPQGGNMKDRKAM-G-LG-AFGFRQVQNLOOOYAEYKE
175,ON891078,2.8875,5.539478007099799,0,VWKEKAQEIOVTENFNWKNDDHIKKLTPVVOVTGSOCSOTTTEIRDK-KQNAYILOSSKDOTGPHOVQOEOITDNTKNOTRSRIQ--TYNEIIGNIRQAHOSHFN-----KEP--SGGDEIOT-LPNMWQGVGROTSTWDGG--------------OKSDTONSEIRPGGGNMKDRKAV-G-IGAAFGFRQVQNLOOOYDTYRE
176,ON891053,2.8549,5.544409099400197,0,VWREKAQEMOVTENFNWKNDDHIKKLTPVARONNTOCSEVTTELRDK-KTKEYGLOSSKDOSGPYOVQOEOLTNNAKIOTRSRIQ--VY-DIIGDIRQAHOSLFP-----KOS--SGGDEIOT-LPNLWQEVGRNIOVRDGG----------------ONTONTETRPSGGDMRDRKAV-G-IG-AFGFRQVQNLOOOYDLYNE
177,ON891075,2.8441,5.546055137659332,0,VWREKAQELOVTENFNWKNDDHIKKLTPVAGFTONOCSOATTEIRDK-KRKVQVLOTSKOOTGPHOVQOEOLTNNAKVOTRSRIQ--TFGDVIGDIREAHOSHFP-----KTP--AGGDEIOT-IPNMWQRVGROTOLRDGG------------NSOSSDONTEEIRPGGGDMRDRKAV-T-LG-AFGFRQVQNLOOOYDTYRT
178,ON891087,2.7234,5.564888566873507,0,VWKEKAQEVOVTENFNWKNNDHIKKLTPVVROITEOCSOATTEIKDK-KKKVHRLOTSKEOSGPNOVQOEOLTNNVKTOTRSRIQ--VYGNIIGDIRQAHOSLFL-----KKS--SGGDEIOT-LPNMWQEVGRNQOSRDGG----------------NNODSTEIRPGGGNMRDRKAV-G-IG-AFGFRQVQNLOOOYNTYDE
179,ON980893,2.716,5.566070234391536,0,VWKETAQEVOVTEDFNWKNNEHIKKLTPVIOITOSOCSOITTOVSDK-RKKEYRLOTSKEOTGTTOVQOAOFSDNVKPOTRGHIR--AYGSIIGDIRQAHOSQY------KTS--SGGDEIOT-LPNMWQKVGRVQOTRDGG-----------------ONSTOETRPGGGNMKDRKAV-G-LG-AFGFRQVQNLOOOYEEYRE
180,ON890980,2.712,5.566710314804975,0,VWREKAQELOVTENFNWRNDEHIKKLTPVKIOIGQOCSOITTELRDK-KKNAYRLOTSKOOTGPHOVQOEOLTDNVKTOTRSRIQ--TYGEIIGNIRQAHOSHFP-----KTP--SGGDEIOT-LQNLWQQVGROTOVRDGG--------------RSODTONTEVRPGGGDMRDRKAV-GTMG-AFGFRQVQNFOOOYGIYSE
181,ON890998,2.6347,5.579268828558428,0,VWKEKAQEIOVTENFNWENDDHIKKLTPVAORTVDOCTOMTTEIRDK-EKKVHRLOTSKOOTGPTOVQOKOLTNNAKTOTRSRIQ--TFGDIIGDIRQAHOSQFP-----KOS--SGGDEIOT-IPNLWQEVGROTOVRDGG----------------KDNOETETRPGGGDMRDRKAV-G-IG-AFGFRQVQNLOHOYDTYRE
182,ON980843,2.585,5.587539452570039,0,VWKETAQEIOVTENFNWKNNEHIKRLTPVVOTTVOOCSOISNNIRGK-Q-KEYRLOTSKDOTGPTOVQOAOFSDNVKPOTRSHLR--AYGQIIGDIRQAHOSQY------KOS--SGGDEIOT-LPNMWQEVGRIKOTRDGG---------------QOVSDNTETRPGGGNMKDRKAV-T-LG-ALGFRQVQNLOOOYSLYSE
183,ON980839,2.544,5.594482893023624,0,IWRDAAQEVOVTENFNWKNNEHIKKLTPVAOVTNTQCSOVS-DIEGK-KKIESRLOTSKDOTGTTOVQOAOFSDNAKSOTRGHMK--TYR-IIGDIRQAHOSQYN-----KOS--SGGDEIOT-LPNMWQEVGKIOOTRDGG---------------ENKNODTETRPQGGNMKDRKAV-T-LG-ALGFRQVQNLOOOYGLYNE
184,ON890985,2.5153,5.599410209186777,0,VWQDKAQEMOVTENFNWKNEDHIKKLTPVATSTATOCTOITTEIRDK-KQKVHILOTSKOOTGPNOVQOEOLTNNAKTOTRSRIQ--TYGAIIGDIRQAHOSHFR-----RES--SGGDEVOT-LPNMWQRVGQOTSTRDGGK-----------GOTTGTDNNNEIRPIGGDMRDRKAV-G-VG-AFGIRQVQNLOOOYETYRE
185,ON891026,2.4732,5.606740762173162,0,VWREKAQEMOVTENFNWKNDEHIKKLTPVVNVO--OCSOATTEVRDV-RKKETRLOTSKDOTGPNOVQOEOLTDNAKTOTRSRIQ--TYGNIIGDIRQAHOSRLQEHR-IKOS--SGGDEIOT-LPNMWQEVGROTOTRDGG--------------TERODSKEETRPGGGDMRDRKAV-G-IG-ALGFRQVQNLOOOYNTYRE
186,ON980846,2.429,5.614572485194869,0,VWKEVAQELOVTEEFDWKNNEHIKKLTPVVTIINGOCSDI-SVWKDQ-MKREHRIOTSKOSKGPKOVQOEOFTNSVKTOTRGTLR--VYGQIIGNIRQAHOSQFG----VKOS--SGGDEIOT-IPNMWQKVGRLOQTRDGGS------------NONSOSTETETRPGGGDMRDRKAV-G-LG-AFGFRQVQNLOOOYGLYSE
187,ON890981,2.3949,5.620712616009286,0,VWREKAQELOVTENFNWRNDEHIKKLTPVKIOIGQOCSOITTELRDK-KKNAYRLOTSKOOTGPHOVQOEOLTDNVKTOTRSRIQ--TYGEIIGNIRQAHOSHFP-----KTP--SGGDEIOT-LQNLWQQVGROTOVRDGG--------------RSODTONTEVRPGGGDMRDRKAV-GTMG-AFGFRQVQNFOOOYGIYSE
188,OR508943,2.345,5.629857152948898,0,VWKETAQELOVTENFNWKNNDHIKKLTPVKOVTOTOCSOITQSVSDK-KKKEYRLOTSKOOTGPTOVQOEOITDNAKTOTRSHIR--AYGEIIGDIRKAHNOQFG-----KOS--SGGDEIOT-LPNMWQEVGKPNOTRDGG-------------NGONSOSTTETRPGGGDMRDRKAV-G-IG-AFGFRQVQNLOOOYDIYNE
189,ON980896,2.327,5.63320361671327,0,VWKEKAQEIOVTENFNWENDEHIKKLTPVVDTSOKOCSOMTTEIIDK-KQKAYRLOTSKEOTGPQOIQOKOLSDNAKTOTRSRIQ--TYGDIIGDIRQAHOSHY------KTH--SGGDEIOT-IPNRWQEVGQMTOTRDGG-----------------ONTHOETRPEGGDMRDRKAV-G-IG-AFGFRQVQNLOOOYDMYRE
190,ON891069,2.2571,5.646449199235879,0,VWREKAQEMOVTENFNWKNDEQIKKLTPVVOTTVOOCSOVTTELRDK-QKKQYRLOTSKDOTGPNOVQOEOLTDNAKTOTRSRIQ--AFGDIIGNIRQAHOTLFS-----KES--SGGDEIOT-IQNMWQKVGQOTOTRDGG--------------OETSIOSTETRPGGGDMRDRKAA-G-LG-ALGFRQVQNLOOOYNTYNE
191,ON980864,2.245,5.648783654660658,0,VWKDTAQEIOVTENFNWKNDEHIKKLTPVVTDOTNOCSOATTEVRDK-KRKEHRLOTSKDNMGPKOVQOQOISDNTKTOTRSRIQ--VYGAIIGDIRKAFTOHAO-----SOS--SGGDEIQI-LPNMWQEVGRQTOTRDGV--------------GGSOTTTOETRPGGGNMRDRKDL-G-LG-AFGFRQVQNLOOOYAEYQE
192,ON891005,2.2088,5.655843606368793,0,VWREKAQEIOVTENFNWKNDDHIKKLTPVVNTOTKOCSKVTTEIRDK-KRKEYILOSSKOOTGPNOVQOQOLTDNARTOTRSRIQ--TYGDIIGDIREAHOSLYS-----KSS--PGGDEIOT-LPNMWQQVGROTKTRDGG----------------OTTNEAETRPGGGDMRDRKAV-G-IG-AFGFRQVQNLOOKYSTYNT
193,ON980909,2.194,5.658763376761308,0,VWKETAQEVOVTENFNWKNDEQIKKLTPVTENOTGOCSOIT-----K-SKKGYKLOTTKDOTGPKOVQOAOLSNNARNOTRSHLR--AY-DIIGDIRKAYTDHFK-----KKA--SGGDEIOI-LPNLWQEVGKOSOVRDGG----------------ONTSTOETRPAGGDMRDRKAV-G-LG-AFGFRQVQNLOOOYGIYEE
194,OR508940,2.136,5.670398751643481,0,VWKETAQEIOVTEDFNWKNDEHIKKLTPVVGOR--OCTKVTGGVKDK-QHKEYRLOTSKEOTGKNOVQOAOFTDNAKTOTRGNIR--AYTDIIGDIRQAHOSQFK-----KOS--SGGDEIOI-LPNLWQEVGKINOTRDGGS-----------DONSTENONTEIRPGGGDMRDRKAV-GTLG-AFGFRQVQNLOKOYQQYTA
195,ON891072,2.1049,5.676768531885226,0,VWREKAQEIOVTENFNWENDEHIKKLTPVVTVTKOOCSOVTTELRDK-TKKEHRLOTSKDOTGPKOVLOKOLSNNAKTOTRSRIQ--AYGDIIGDIRQAHIOLFH-----KLS--AGGDEIOT-LPNMWQEVGKYTOTRDGG----------------OETGNOETRPGGGDMRDKKAV-G-IG-AFGIRQVQNLOOOYDTYSE
196,ON980847,2.087,5.680477550934546,0,VWKEVAQELOVTEEFDWKNNEHIKKLTPVVTIINGOCSDI-SVWKDQ-MKREHRIOTSKOSKGPKOVQOEOFTNSVKTOTRGTLR--VYGQIIGNIRQAHOSQFG----VKOS--SGGDEIOT-IPNMWQKVGRLOQTRDGGS------------NONSOSTETETRPGGGDMRDRKAV-G-LG-AFGFRQVQNLOOOYGLYSE
197,ON891057,2.0621,5.685690277755153,0,VWREKAQEMOVTENFNWENDDHIKKLTPVYKGOSOECSOTTTEIRDK-IQKTSILOSSKNKTGPQOVQOKOITDNAKTOTRSRIQ--TYGDIIGDIRQAHOSYFP-----KTS--SGGDEIOT-LPNMWQGVGROTSVRDGGKITDTK---------QTDAOKTEIRPIGGDMKDRKAV-G-LG-AFGFRQVQNLOOOYDTYNE
198,ON980882,1.998,5.699404516110037,0,VWKEAAHEIOVTEDFNWKNNEHIKKLTPVITOTRTOCTOITTSMVDK-KKERHRLOTSKDOTGAKOVQOAOFTDNAKTOTRSNIR--AYGDIIGDIRKAFEDQFG-----KOS--SGGDEVOT-LPNLWQEVGKPSOTRDGG----------------SONTNOETRPGGGDMRDRKAV-GIMG-AFGFRQVQNIOOSSSYYTE
199,ON891073,1.9496,5.710054483823332,0,VWREKAQEIOVTENFNWENDEHIKKLTPVVTVTKOOCSOVTTELRDK-TKKEHRLOTSKDOTGPKOVLOKOLSNNAKTOTRSRIQ--AYGDIIGDIRQAHIOLFH-----KLS--AGGDEIOT-LPNMWQEVGKYTOTRDGG----------------OETGNOETRPGGGDMRDRKAV-G-IG-AFGIRQVQNLOOOYDTYSE
200,ON980891,1.928,5.714892970433188,0,VWRETAQEVOVTENFNWNNNEHIKKLTPVLKOSOTOCSOVTSGIRDK-VKKEYRLOTSKDOTGPKOVQOAOFSDNTKTOTRGHIR--AYGDVTGDIRQAHOSQFR-----KOS--SGGDEIOM-LPNMWQEVGKIOOTRDGG--------------LNRPDOGTETRPAGGNMKDRKAV-T-LG-AFGFRQVQNLOOOYKIYTE
201,ON980940,1.926,5.715343717211485,0,VWKEOAQEVOVTEEFNWKNNEHIKKLTPVYTVOSRRCSEVSTDV-NK-RKTEQRLOTSKOSKGPNOVQOEDFKNNARTOTRSHIR--TYGDIIGNIRQAHOTQF------TKS--SGGDEIST-LQNMWQEVGKLQOTRDGG-------------NOGTSTORTEIRPGGGDMRDRKDL-G-MG-AFGFRQVQNLOOOYNIYNE
202,ON980908,1.926,5.715343717211485,0,VWKETAQEVOVTENFNWKNDEQIKKLTPVTENOTGOCSOIT-----K-SKKGYKLOTTKDOTGPKOVQOAOLSNNARNOTRSHLR--AY-DIIGDIRKAYTDHFK-----KKA--SGGDEIOI-LPNLWQEVGKOSOVRDGG----------------ONTSTOETRPAGGDMRDRKAV-G-LG-AFGFRQVQNLOOOYGIYEE
203,OR508936,1.877,5.7265357273786535,0,VWRESAQEIOVTEYFNWKNDEHIKKLTPVLSOTGYOCSOTTTDVRDK-RRKQYRLOTSKOSKGSTOVQOEOFSNNAKTOTRSNIR--AYGEIIGDIRQAHOSQF------KDP--SGGDEIOT-LPNMWQEVGKQKOTRDGG-------------KGOTTNOESEIRPGGGDMRDRKAV-G-VG-AFGFRQVQNLOOOYGEYNE
204,ON980879,1.845,5.734003629504921,0,VWKESAQEVOVTEYFNWNNNEHIKRLTPVOITOTKOCSOI-TRMRDK-TQKEYRLOTSKDTEGTQOVQOAOFSNNAKVOTRSHLK--AYGQIIGDIRKAHOSQFG-----OOS--SGGDEVOT-LPNMWQEVGKLROTRDGG--------------ONSTDDDEETRPGGGDMRDRKAV-GTLG-AFGFRQVQNLOOOYGIYAE
205,ON891084,1.8281,5.738000051348173,0,VWKEKAQELOVTENFNWKNDDHKKKLTPVATIKGTOCSOATTEIRDK-KKKESRLOTSKOOTGPSOVQOEOLTDNTKTOTRSRIQ--TYGDIIGDPRQAHNNHFP-----KOS--SGGDEITT-LQNMWQEVGROTOTRDGG--------------RNVODTDPEIRPGGGDMRNRKAV-G-LG-AFGFRQVQNLOOOYYTYSE
206,OQ912896,1.79,5.747146969020107,0,VWKETAQEIOVTEIFNGKNNEHIKKLTPVWKSOTOOCTOATTSIG-K-RKKEYMLOTSKDOTGPDOVQOEOFTNTVKNTTRSPMK--AFGDITGDIRKAYNOQFG----NKOS--SGGDEIOT-LPNMWQEVGKQOOTRDGG-------------TONTNNODTEIRPGGGDMRDRKAV-G-IG-AFGFRQVQNLOOOHDTYKE
207,ON890952,1.7809,5.749360466088401,0,VWKEKAQEIOVTENFNWKNDDHIKKLTPVVORTT-OCSOMTTELRDK-KKKEHRLOTSKOOSGPNOVQOEOLTNNVKTOTRSRIQ--VYGDIIGDIRQAHOSLY------KES--SGGDEITT-LPNMWQEVGROTDTRDGG-----------------GDOTTETRPGGGNMRDRKAV-G-IG-AFGFRQVQNLOOOYNTYKE
208,ON890986,1.6297,5.787892334452341,0,VWKEKAQELOVTENFNWKNDDHIKKLTPVVSCPTTOCSOATTEIKDK-KRKQYRLOTSKOOTGPQOVQOEOISDNAKTOTRSRIQ--TYGEIIGDIRQAHOSYFP----NKOS--SGGDEIOT-IPNMWQKVGQOTSVRDGGNEDKGO----------STGOETETRPGGGDMRDRKAV-G-IG-AFGFRQVQNLOOOYGIYEE
209,ON891028,1.603,5.795066477645855,0,VWREKAQEMOVTENFNWKNDEHIQKLTPVVOKT--OCSOMTTELRDK-KQKVYRLOTSKOOTGPQOVQOEOLTNNVKTOTRSRIQ--TYGDIIGVIRQAYOSHFP-----TQH--SGGDEIOT-LPNMWQRVGQSTOVRDGG--------------EKOTTOKTEIRPGGGDMRDRKAV-G-IG-ALGFRQVQNLOOOYGIYSE
210,ON980838,1.543,5.811634073936852,0,VWKESAQELOVTENFNWKNNEHIKKLTPVVTRTSTOCSOVTTNIKDK-IKREYRLOTSKDOTGPKOVQOEOITNNAKTOTRGHMS--AYGDVIGDIRQAYOSKF------TOS--SGGDEIOIELPNMWQRVGRPKOTRDGG----------------GDOTTTETRPAGGDMRDRKAV-G-LG-AFGFRQVQNLOOOYSVYNE
211,ON890953,1.5369,5.8133543894039965,0,VWKEKAQEIOVTENFNWKNDDHIKKLTPVVORTT-OCSOMTTELRDK-KKKEHRLOTSKOOSGPNOVQOEOLTNNVKTOTRSRIQ--VYGDIIGDIRQAHOSLY------KES--SGGDEITT-LPNMWQEVGROTDTRDGG-----------------GDOETETRPGGGNMRDRKAV-G-IG-AFGFRQVQNLOOOYNTYKE
212,ON980855,1.498,5.824488186636552,0,VWKETAQEIOVTEKFNWONSEHIKKLTPVAOTTONOCSOMTTAVRDK-QQKVNRLOTSKDOSETKOVQOQOLSDNTKNOTRGTIR--AFGEIIGNIRQAHOSLFP-----KOS--SGGDEIOT-LPNLWQEVGROTOTRDGG---------------LKOETNDETRPGGGDMRDRKAV-G-VG-AFGFRQVQNLNOOYNEYRE
213,ON891054,1.4305,5.844512137858718,0,VWREKAQELOVTENFNWKNDEHIKKLTPVATPOSLOCSOTTTEIRDK-TQKAYILOTSKOOTGPHOVQOKOLTDNAKIOTRSRIQ--TYGDIIGDIRKAHTHLY------TAP--TGGDEIOV-LPNMWQGVGRITOTRDGGNDKGO--------ITGTOKTSGEIRPGGGDMRDRKAV-G-LG-AFGFRQVQNLOOOYSTYEE
214,ON980890,1.423,5.846795099915716,0,VWRETAQEVOVTENFNWNNNEHIKKLTPVLKOSOTOCSOVTSGIRDK-VKKEYRLOTSKDOTGPKOVQOAOFSDNTKTOTRGHIR--AYGDVTGDIRQAHOSQFR-----KOS--SGGDEIOM-LPNMWQEVGKIOOTRDGG--------------LNRPDOGTETRPAGGNMKDRKAV-T-LG-AFGFRQVQNLOOOYKIYTE
215,ON980850,1.395,5.855425792390384,0,VWKDTAQEIOVTENFNWKNNEHIKKLTPVIQNKASOCSOITTAFRDK-MQKVYRLOTSKONKGVNOVQODOFSDNAKTOTRSHIR--AYGEIIGNIRQAYOSQY------KTS--SGGDEIOE-LPNMWQEVGKIROTRDGG-----------------ONTGOETRPGGGDMRNRKAV-T-LG-AFGFRQVQNLOOOYDLYTE
216,ON891047,1.3686,5.863723464339708,0,VWKEKAQELOVTENFNWKNDDHIKKLTPVVTSSONOCTOATTEVRDK-KRTEYRLOSSKONKGPTOVQOEOLTNNAKTOTRSRIQ--AFGEVIGDIRKAHOSHFP-----KNP--SGGDEIOT-LQNMWQGVGROTTTRDGG---------------NNDNODTEIRPGGGNMKDRKAV-G-LG-AFGFRNVQNLNOOYKTYTE
217,ON891046,1.3422,5.872182765519726,0,VWKEKAQELOVTENFNWKNDDHIKKLTPVVTSSONOCTOATTEVRDK-KRTEYRLOSSKONKGPTOVQOEOLTNNAKTOTRSRIQ--AFGEVIGDIRKAHOSHFP-----KNP--SGGDEIOT-LQNMWQGVGROTTTRDGG---------------NNDNODTEIRPGGGNMKDRKAV-G-LG-AFGFRNVQNLOOOYKTYTE
218,ON980930,1.342,5.872247484167027,0,VWKEOAQEVOVTENFNWKNDEHIKKLTPVTORTTSOCSOVTTSWKE--TKKGYRLOTSKDOSGPKOVQOEOLTNNAKTOTRSTIR--AY-DIIGDIRQAHOSKFN-----KOS--SGGDEIOT-LQNMWQEVGKPROTRDGG--------------NGONTOETEIRPGGGDMRDRKAV-G-IG-AFGFRLVQNLOOOYNFYTE
219,ON890989,1.3203,5.879327376717392,0,VWREKAQEIOVTENFNWDNDDHIKKLTPVAPONOTOCSOTTTEIRDK-NQKAYILOSSKOSKGPKOVQOKOLTDNTKTOTRSRIQ--VYGDIIGNIRKAHOSHFP-----KKH--SGGDEIOT-LPNMWQGVGROTOTRDGG---------------OGSONTIEIRPAGGDMRDRKAAVG-IG-AIGFRQVQNLOOOYNIYSE
220,ON980849,1.313,5.881735273910521,0,VWKDTAQEIOVTENFNWKNNEHIKKLTPVIQNKASOCSOITTAFRDK-MQKVYRLOTSKONKGVNOVQODOFSDNAKTOTRSHIR--AYGEIIGNIRQAYOSQY------KTS--SGGDEIOE-LPNMWQEVGKIROTRDGG-----------------ONTGOETRPGGGDMRDRKAV-T-LG-AFGFRQVQNLOOOYDLYTE
221,ON891088,1.2914,5.888939217930179,0,VWKEKAQELOVTEDFDWKNDDHIKKLTPVIIOK--OCSOMTTELRDK-KKQEYRLOTSKOOTGPNOVQOENLANNAKTOTRSRIQ--TY-NVIGDIRKAYSOQFOKT---IGS--SGGDEIOT-LPNMWQGVGKOTOTRDGG-------------GOMSNPOHTEVRPGGGDMRDRKAV-G-MG-AFGFRQVQNLOOOYDTYRE
222,ON980966,1.274,5.894830572000668,0,VWKETAQEVOVTEDFNWKNNDHIKKLTPVIATNNIOCSOTTPRQIDK-YQKEYRLOTSKDOTGPKOVQOAOFSDNAKTOTRSHFRWNSYEKIIGDIRQAHOSKLO-----TPP--PGGDEVOT-LPNMWQGVGKNROTRDGG---------------IDSORTOETRPGGGDMRDRKAV-G-LG-AFGFRQVQNLOOOYDTYTT
223,ON980842,1.262,5.898940645091884,0,VWKETAQEIOVTENFNWKNNEHIKRLTPVVOTTVOOCSOI-SNRG-K-Q-KEYRLOTSKDOTGPTOVQOAOFSDNVKPOTRSHLR--AYGQIIGDIRQAHOSQY------KOS--SGGDEIOT-LPNMWQEVGKIKOTRDGG---------------QOVSONTETRPGGGDMKDRKAV-T-LG-ALGFRQVQNLOOOYSLYSE
224,ON980926,1.232,5.909389292171594,0,VWKETAREIOVTENFNWKNNDHIKKLTPVOLTN--OCSEVTSGIRDK-KQREYRIOTSKOSSGPTOVQOQOFSNNAKTOTKRSIR--ATRAIIGDIRQAHOSKFG-----KKS--SGGDEIOE-LPNMWQEVGKQSOTRDGG-------------SGONTTOTTEVRPGGGDMRDRKAA---FG-AFGFRLVQNLOOOYRTYSE
225,ON980873,1.207,5.91829272990265,0,VWKETAQEIOVTEGFNWKNNEQIKQLTPVVOATONOCSOVS--LLEE-KKREHRLOTSKOEKGETOVQODOFTDNAKIOTRSPIR--AYGQIIGDIRQAHOSKF------KOS--SGGDETOT-LQNMWQRVGKVROTRDGG--------------QNONTOETETRPTGGDMKDRKAA---IG-AIGFRLVQNLOOOYGIYNE
226,ON891030,1.1959,5.922305134113414,0,VWREKAQEMOVTENFNWKNDEHIQKLTPVVOKT--OCSOMTTELRDK-KQKVYRLOTSKOOTGPQOVQOEOLTNNVKTOTRSRIQ--TYGDIIGVIRQAYOSHFP-----TQH--SGGDEIOT-LPNMWQRVGQSTOVRDGG--------------EKOTTOKTEIRPGGGDMRDRKAV-G-IG-ALGFRQVQNLOOOYGIYSE
227,ON980848,1.194,5.92299567320665,0,VWKDTAQEIOVTENFNWKNNEHIKKLTPVIQNKASOCSOITTAFRDK-MQKVYRLOTSKONKGVNOVQODOFSDNAKTOTRSHIR--AYGEIIGNIRQAYOSQY------KTS--SGGDEIOE-LPNMWQEVGKIROTRDGG-----------------ONTGOETRPGGGDMRDRKAV-T-LG-AFGFRQVQNLOOOYDLYTE
228,ON891004,1.1086,5.955225125743557,0,VWKEKAQEMOVTENFNWRNDDHIKKLTPVVKGTNSOCSOATTEIKDK-KRKEYRLOTSKDOTGPSOVQOEOLTDNVKTNKRSRIQ--AYNDIIGDIREAYLOCFK-----KDP--SGGDEIOK-LPNMWQGVGROTOTRDGG--------------YHONTOGTEIRPGGGNMKDRKAV-G-IG-AFGFRQVQNLOOOYNTYKE
229,OQ912891,1.094,5.960982678002588,0,VWKDOAQEVOVTENFNWKNPEHIKKLTPVYDGKGTOCSDVTTNIRDK-VKREYRMOTSKOOTGPTOVQOAOISDNAKTOTRGHIR--AYGQIIGDIRQAHOSQFG-----KOS--SGGDEIOT-LPNMWQEVGKQROTRDGG-----------------NDOTTETRPGGGDMRDRKAI-G-IG-AFGFRQVQNLOOOYSVYTE
230,OQ912889,1.085,5.964570261815451,0,VWKETAQEIOVTENFNWKNSEHIKKLTPVSKSTOCOCSYITTMLRDK-VKKEHRLOTSKDOTGPCOVQOEOISDNSKNNKRSPMK--AYGDIIGDIRKAFLOQFK-----KOS--AGGDEVOK-LPNMWQRVGKSORTRDGG----------------AOKTGPEVRPIGGNMKDRKAA---LG-AFGFRLVQNLOOOYGLYNE
231,ON891061,1.0775,5.967582721167231,0,VWKEKAQELOVTENFDWKNDDHIKKLTPVVOAS--OCSOATTEIKDR-KKKVNRLOTSKOOTGPNDVQOKOITDNVKTOTRSRIQ--TYGDIIGDIRQAHNOYFP-----KAP--SGGDEIOT-LQNMWQGVGROTOTRDGG--------------NNODTKNTEIRPGGGDMRDRKAV-G-IG-AIGFRQVQNLOOOYNTYKE
232,OR508939,1.051,5.978397283971757,0,VWKETAQEMOVTENFNWKNNEHIKKLTPVVNMNISOCSOVTTNIGDK-VQKERRLOTSKDOTGRTOVQOAOFTDNTKTOTRSHIR--AYGDIIGDIRQAHOSEYR-----GKS--SGGDEVOT-LPNMWQEVGKQOOTRDGG----------------OSSNNOETRPGGGDMRDRKAV-T-IG-AFGFRQVQNLOOOYEFYTE
233,OQ912888,1.048,5.979638717352292,0,VWKEOAQEIOVTENFDWKNNEHIKKLTPVLTIOTTOCSOITTNRQDR-KKKDYRLDTSKDOTGPKOVQOKOFSDNTKIOTRSNIR--AYGEITGDIRQAHOSQFI-----KOS--SGGDEVOT-LPNMWQEVGKIKOTRDGGR------------DOKTKDIDIEIRPGGGDMRDRKAA---IG-AIGFRKVQNLOOOYDIYSI
234,ON891051,1.0341,5.98543746187239,0,VWREKAQEIOVTENFNWKNDDHIKKLTPVVONT--OCSOVTTERRDK-RKGEYILOTSKDOTGLNOVQOKOLTDNTKTOTRSRIQ--VY-DIIGDIRKAYNOHFS-----KSS--PGGDEINT-INNMWQRVGLOTOERDGG----------------AODSNTETRPTGGDMRDRKAV-G-IG-ALGFRQVQNLOOOYGMYTE
235,ON980856,1.03,5.987162775294828,0,VWKETAQEIOVTEKFNWONSEHIKKLTPVAOTTONOCSOMTTAVRDK-QQKVNRLOTSKDOSETKOVQOQOLSDNTKNOTRGTIR--AFGEIIGNIRQAHOSLFP-----KOS--SGGDEIOT-LPNLWQEVGROTOTRDGG---------------LKOETNDETRPGGGDMRDRKAV-G-VG-AFGFRQVQNLNOOYNEYRE
236,OR508958,1.022,5.990549104201306,0,VWKETAQELOVTEEYNWKNNEHIKKLTPVVOYTPTOCTOTSSSVQDK-MQKQNRLOTSKDOTGTKOVQOAOFTDNAKNOTRSPIR--AYGEIIGDIRKAHOSQYE-----KRP-VTGGDEIOT-LPNMWQEVGKIKOSRDGG----------------MKOSTOETRPAGGDMKDRKAV-GTLG-AFGFRQVQNLOOOYDLYNQ
237,OR508952,1.012,5.99481948749622,0,VWKETAQEVOVTEDFNWKNGEHVKKLTPVASSSTTOCTOMSTEVRDK-QKEVRRLOTSKDOTGKNOVQOQOISDNTKIOTRSPIR--AYGDIIGDIRKAYIOYFS----GKKA--SGGDEIQT-LPNMWQEVGRQTOTRDGG--------------NTONSDTTEIRPGGGDMRDRKAV-G-IG-AFGFRQVQNLOOOYWEYKE
238,ON891029,1.0022,5.999045601593542,0,VWREKAQEMOVTENFNWKNDEHIQKLTPVVNKA--OCSOMTTELRDK-KQKVYRLOTSKOOTGPQOVQOEOLTNNVKTOTRSRIQ--TYGDIIGVIRQAYOSHFP-----TQH--SGGDEIOT-LPNMWQRVGQSTOVRDGG--------------EKOTTOKTEIRPGGGDMRDRKAV-G-IG-ALGFRQVQNLOOOYGIYSE
239,ON890996,0.995,6.002176919254275,1,VWKEKAQDMOVTENFNWKNDNHIKKLTPVKITPOSOCSOITTEIRDK-EKKVYRLOTSKOEKGPNOVQOEOLTDNAKTOTRSRIQ--TYGEIIGDIRQAHOSKFP-----KKS--SGGDEINT-LPRMWQGVGQOTOTRDGG-------------NPVOGTOGTETRPGGGDMRDRKAV-G-IG-AFGFRQVQNLOOOYHTYRE
240,OR508945,0.984,6.007004901568658,1,VWKEDAQEIOVTEDFNWKNNEHIKELTPVVNAROGOCSOVTSDIGGK-V-KNRRLOTSKOOTGTNOVQOAOFTDNAKIOTRSHMK--AYGNIIGDIRQAHOTQFG----EIOS--SGGDEIOT-LPNMWQKVGKPKKTRDGGN-----------SNOITDSORTETRPGGGDMRDRKAV-T-FG-AFGFRQVQNLOOOYQEYNE
241,ON980919,0.983,6.007446482167865,1,VWREOAQEVOTTENFNWKNNEHIKKLTPVATTTCSOCSYMDTPIKGK-V-RENILOTSKDOTGINOVQOANLLDNTKTOTRSPAR--AYGDIIGDIRKAYOSKF------KOS--TGGDEIOT-IPNLWQEVGKIROTRDGG--------------NTOETMYTETRPGGGDMRDRKAV-G-LG-AFGFRQVQNLOOKYAEYSG
242,ON980929,0.976,6.010550182333308,1,VWKEOAQEVOVTENFNWKNDEHIKKLTPVTORTTSOCSOVTTSWKER-K-KGYRLOTSKNOSGPKOVQOEOLTNNAKTOTRSHIR--AY-DIIGDIRQAHOSKFN-----KOS--SGGDEIOT-LQNMWQEVGKPROTRDGG--------------NGONTOETEIRPGGGDMRDRKAV-G-IG-AFGFRLVQNLOOOYSLYNE
243,ON980931,0.975,6.010995384301463,1,VWKETAQEVOVTENFNWKNDEHIKKLTPVYONTNSOCSOVTTSIRDK-VQKVHRMOTSKODVGPTOVQOAOFSDNAKTOTIGHIR--AYGKIIGDIRQAHOSQFG----NKNS--TGGDEINT-IPNLWQEVGKMTKTRDGG--------------IHONTONTETRPGGGNMKDRKAV-G-VG-AVGFRQVQNLOOOYNEYTE
244,ON980817,0.965,6.015472686656207,1,VWKETAQEIOVTEPFDWKNNEHIKKLTPVANTNONOCSOMTTEVRDK-QMKVQRLOTSKEOTGRSOVQOQOISDNAKTOTRSQIR--AYGDIIGDIRKAHOSYFN-----NQS--SGGDEVOT-IPNMWQEVGROTOTRDGG-----------------SDTGKETRPGGGNMKDRKAV-G-IG-AFGFRQVQNLOOOYQVYRQ
245,OR508938,0.931,6.031050319018657,1,VWKETAQEMOVTENFNWKNNEHIKKLTPVVNMNISOCSOVTTNIGDK-VQKERRLOTSKDOTGRTOVQOAOFTDNTKTOTRSHIR--AYGDIIGDIRQAHOSEYR-----GKS--SGGDEVOT-LPNMWQEVGKQOOTRDGG----------------OSSNNOETRPGGGDMRDRKAV-T-IG-AFGFRQVQNLOOOYEFYTE
246,OR508956,0.925,6.0338582672609675,1,VWREOAREVOVTENFNWKNNEHIKKLTPVIOVSSOOCSNVNTNKIFK-IEKQYMMOTSKDKTGPSOVQOEOFTNNAKTOTRGHMK--TYGGIIGNIRQAHISIKIVG---KOS--SGGDEIOT-LPNLWQEVGRVKOTRDGG----------------NTDONSETRPGGGNMKDRKAV-GTFG-AFGFRQVQNLOOOYGIYNE
247,OQ912890,0.868,6.061480274823508,1,VWKETAQEIOVTENFNWKNSEHIKKLTPVSKSTOCOCSYITTMLRDK-VKKEHRLOTSKDOTGPYOVQOEOISDNSKNNKRSPMK--AYGDIIGDIRKAFLOQFK-----KOS--AGGDEVOK-LPNMWQRVGKSORTRDGG----------------AOKTGPEVRPIGGNIKDRKAA---LG-AFGFRLVQNLOOOYGLYNE
248,ON980920,0.859,6.066006836168758,1,VWRDOAQEVOVTENFNWKNNDHIKKLTPVWTTOTGOCSOVTT-IKNK-REKNYILOTSKEOTGPKOVQOEOFTNNAKTOTRSSFN-AVYGDIVGKIRQAYOSQFK-----KOS--SGGDEVOI-LPNMWQKVGKPROTRDGG-----------------NOESTEIRPTGGNMKDRKAV-G-LG-AFGFRQVQNIOOOYGLYTT
249,ON980857,0.838,6.076755981369724,1,VWKETAQEIOVTEKFNWONSEHIKKLTPVAOTTONOCSOMTTAVRDK-QQKVNRLOTSKDOSETKOVQOQOLSDNTKNOTRGTIR--AFGEIIGNIRQAHOSLFP-----KOS--SGGDEIOT-LPNLWQEVGROTOIRDGG---------------LKOETNDETRPGGGDMRDRKAV-G-VG-AFGFRQVQNLNOOYNEYRE
250,ON980837,0.833,6.079354998593212,1,VWKDTAQEVOVTENFDWKNSEHIKKLTPVVTKDSTOCSOMTTEVRDK-QREVHRLOTSKDOTGPKOVQOQOLTDNAKIOTRSQIR--AYGEIIGDIRRAHOSLFS-----AOS--SGGDEIOI-LPNMWQEVGRKSSTRDGG-------------PQNOGTORTETRPGGGNMKDRKAV-G-MG-AFGFRQVQNLOOOYNEYRE
251,ON891042,0.823,6.08460016478773,1,VWREKAQELOVTENFNWKNDDHIKKLTPVMNKOTSOCSOATTEIKDK-KKTEYRLOTSKOSTGPNOVQOEOLTNNAKTOTRSRIQ--TYGDIIGDIRQAHNOHFP-----KOS--SGGDEIKT-LPNMWQEVGROTOTRDGG----------------NSDODTETRPGGGDMRDRKAV-G-IG-AFGFRHVQNLOOOYQTYRE
252,ON890995,0.8112,6.090872058010739,1,VWKEKAQEMOVTENFNWKNDNHIKKLTPVKITPOSOCSOITTEIRDK-EKKVYRLOTSKOEKGPNOVQOEOLTDNAKTOTRSRIQ--TYGEIIGDIRQAHOSKFP-----KKS--SGGDEINT-LPRMWQGVEQOTOTRDGG-------------NPVOGTOGTETRPGGGDMRDRKAV-G-IG-AFGFRQVQNLOOOYHTYRE
253,ON980816,0.809,6.092051478387727,1,VWRDKAQEIOVTESFNWQNNDHIKRLTPVVOVTTNSCSOVTDNIRGK-KREENRLOTSKDOTGNKOVQOAOFSDNVKSOTRSHIR--AYGQIIGDIRKAHOSQYP-----KEH--AGGDEIOT-LPNMWQKVGKITOTRDGG-----------------NORTOETRPGGGDMKDRKAV-T-LG-AFGFRQVQNLOOOYNLWNE
254,ON891055,0.8038,6.094851998143984,1,VWREKAQEIOVTENFNWRNDEHIKKLTPVVOVTTOOCSYAHTEVKDK-KQAVRRLOTSKONKGPNOVQOEOLTNNIKTOTRSRIQ--TYGNIIGDIRQAHOSYFP-----KKP--VGGDEVOT-LPNMWQEVGRSTOTRDGG--------------KDOTTTETETRPAGGDMRDRKAVMG-IG-AFGFRQVQNFOOOYSIYNE
255,ON980885,0.786,6.104577453960593,1,VWKETAQEMOVSEYFNWENNDHIKKLTPVVONTAOOCSOTTTEIRDK-QKKEYRLOTSKDOTGLROVQOKOITDNAKNOTRSHIQ--AYGDIIGDIRKAHIOISR----RVGS--SGGDEVOI-IPNMWQRVGRKQSTRDGG-------------NNNRONSTTETRPVGGDMRDRKAVVG-LG-AFGFRQVQNLOOOYGTYEE
256,ON980921,0.78,6.107905397309519,1,VWRDOAQEVOVTENFNWKNNDHIKKLTPVWTTOTGOCSOVTT-IKNK-REKNYILOTSKEOTGPKOVQOEOFTNNAKTOTRSSFN-AVYGDIVGKIRQAYOSQFK-----KOS--SGGDEVOI-LPNMWQKVGKPROTRDGG-----------------NOESTEIRPTGGNMKDRKAV-G-LG-AFGFRQVQNIOOOYGLYTT
257,ON980900,0.767,6.115204636051019,1,VWKETAQEVOVTENFNWKNNDHIKKLTPVPIFOTDOCSOTSTNIQDK-MQKNYRLOTSKDTMGSKOVQOEOITNNAKTOTKSTIR--AYGDIIGDIRQAYOSQFK-----RSS--SGGDEIOI-LPNMWQEVGKQROTRDGG--------------NGVONSHOETRPGGGDMKDRKAV-G-LG-AFGFRQVQNLOOOYEFHTE
258,ON980883,0.758,6.120330794367947,1,VWKEVAQEIOVTENFNWKNKEHIKKLTPVAOITSOOCSOITTNIRDK-IRKDYRLOTSKDOTGPNOVQOEOFSDNTKNOTRSSLS--AYGSIIGDIRQAYOSQYE-----KNS--SGGDEVOTHLPNRWQEVGKLROTRDGGKIN---------DNDPOKTEKGEIRPQGGNMMDRKAV-T-FG-AFGFRRVQNLOOOYGLYNE
259,ON980862,0.756,6.121478204498794,1,VWKETAQEVOVTENFNWKNSENIKQLTPILVNGTSOCSOITSGIQDK-VQKEYRLOTSKOOTGPTOVQOSOFSDNTKIOTRSHIR--AY-DIIGDIRQAHOSQY------KQS--PGGDEVNT-LPNMWQKVGKQRKTRDGG-----------------DOTTTEIRPGGGDMRDRKAV-G-IG-AFGFRQVQNLOOOYGLYSE
260,ON980901,0.729,6.137272471682025,1,VWKETAQEVOVTENFNWKNNDHIKKLTPVPIFOTDOCSOTSTNIQDK-MQKNYRLOTSKDTMGSKOVQOEOITNNAKTOTKSTIR--AYGDIIGDIRQAYOSQFK-----RSS--SGGDEIOI-LPNMWQEVGKQROTRDGG--------------NGVONSHOETRPGGGDMKNRKAV-G-LG-AFGFRQVQNLOOOYEFHTE
261,OQ912895,0.724,6.140261433802853,1,VWKDSAQEIOVTENFNWKNNEHIKKLTPVYKONTOOCSOVTTTIRDK-VKKEFRLOTSKDEKGKKOVQOVOFSNNAQNOTRSHIR--AYGDIIGDIRQAHOSKF------KOS--SGGDEIOT-LQNMWQTVGKVSOTRDGR-------------NGODTEOETEIRPGGGDMRDRKAV-T-LG-ALGFRQVQNLOOOYTLYSE
262,ON980861,0.723,6.140861702705469,1,VWKETAQEVOVTENFNWKNNDHIKKLTPVTNTOTGOCSOITAGIRDK-RKKEYRLOTSKOOTGPNOVQOEOFTDNAKTOTRSNIR--AY-DIIGDIRQAHOSQFG----KKKS--SGGDEIOV-LPNMWQEVGKINOTRDGG-----------------ONTTOETRPGGGDMRDRKAA---LG-AFGFRQVQNLOKOYGEYKE
263,ON980928,0.719,6.1432711096171175,1,VWKEOAQEVOVTENFNWKNDEHIKKLTPVTORTISOCSOVTTSWKE--TKKGYRLOTSKDOSGPKOVQOEOLTNNAKTOTRSHIR--AY-DIIGDIRQAHOSKFN-----KOS--SGGDEIOT-LQNMWQEVGKPROTRDGG--------------NGONTOETEIRPGGGDMRDRKAV-G-IG-AFGFRLVQNLOOOYNFYTE
264,ON980922,0.716,6.145086977692144,1,VWREOAQEVOVTENFNWKNNEHIKKLTPVIDGTFOOCSOITTKLTEKGQTTEFRIOTSKDOTGPKOVQOAOISDNTKNOTRSHFK--VYGEIIGNIRQAHOSHFK-----KDP--AGGDEIOV-LPNMWQEVGKLSOTRDGG--------------NTOVSOTTETRPGGGDMRDRKAI-G-FG-AFGFRQVQNLOOOYSEYSE
265,ON890978,0.693,6.159266765388193,1,VWREKAREMOVTENFNWKNDDHIKKLTPVVOVTG-OCSOTTTEIRDK-QSKQSILOTSKOOTGPNOVQOEOLTNNAKTOTRSRIQ--TYGGIIGDIRQAHOSHFP------AS--SGGDEIOT-LQNMWQEVGROTOTRDGG-----------------VOGTONTRPGGGNMRDRKAV-G-IG-AFGFRQVQNLOOOYYTYQE
266,ON980935,0.682,6.166215625343521,1,VWKEOAQEVOVTEPFNWKNNEHIKKLTPVVRNNNIOCSKS------K-GGKEYILOTTKDOTGIKOVQOAOLSNNAKNOTRSHFK--EH-SIIGNIRQAYOSHFQ-----KOS--SGGDEIOT-IPNLWQEVGKIOOTRDGG----------------EGOGTTETRPIGGDMKDRKAV-G-LG-AFGFRQVQNLOOOYGLYTE
267,ON891079,0.6489,6.187822225841246,1,VWREKAQEMOVTENFNWKNDDHIKKLTPVAKOAATOCSOATTEIKDR-RRKEFRLDTTKOOTGPROVQOEOLTDNAKTOTRSRIQ--TFGEIIGDIRQAHOSLFP-----KAP--SGGDEIOK-IPNMWQAVGROTSERDGG--------------MEOKTODTETRPGGGDMKNRKAV-G-IG-AFGFRQVQNLOOOYNTYKE
268,ON891077,0.6427,6.1919917000896,1,VWKEKAQEMOVTENFNWKNDDHIKKLTPVAOITASOCSOVTTELRDK-RRKEHRLOTSKONIGPTOVQOEOLTDNAKTOTRSRIQ--TYGEVIGDIRQAHKOHYK-----TOS--SGGDEIOI-FPNMWQGVGROTOTRDGG----------------TTOTSEETRPQGGNMRDRKAV-G-IG-AFGFRQVQNLOOOYQTYRE
269,ON980897,0.629,6.201349354554731,1,VWKEKAQEIOVTEKFNWENDENIKKLTPVLDCELOOCSOITTTIKDK-VKKEHRLOTTKDTKGMEOVQONOLSDNAQTOTRGHM---SYGSIIGDIRQAHOSQF------KSS--SGGDEVKT-LPNMWQRVGKVQOTRDGG---------------SLSOSSTETRPGGGDMRDRKAI-T-FG-AFGFRQVQNLOOOYAVYNE
270,ON980860,0.606,6.217527375833714,1,VWKETAQEVOVTENFNWKNNDHIKKLTPVTNTOTGOCSOITAGIRNK-RKKEYRLOTSKOOTGPNOVQOEOFTDNAKTOTRSNIR--AY-DIIGDIRQAHOSQFG----KKKS--SGGDEIOV-LPNMWQEVGKINOTRDGG-----------------AOTTDETRPGGGDMRDRKAA---LG-AFGFRQVQNLOKOYGEYKE
271,ON980884,0.578,6.238072161579471,1,VWKETAQEMOVSEYFNWENNDHIKKLTPVVONTAOOCSOTTTEIRDK-QKKEYRLOTSKDOTGLROVQOKOITDNAKNOTRSHIQ--AYGDIIGDIRKAHIOISR----RVGS--SGGDEVOI-IPNMWQRVGRKQSTRDGG-------------NNNRONSTTETRPVGGDMRDKKAVVG-LG-AFGFRQVQNLOOOYGTYEE
272,OR508957,0.573,6.24184537803261,1,VWREOAREVOVTENFNWKNNEHIKKLTPVIOVSSOOCSNVNTNKIFK-IEKQYMMOTSKDNIGPKOVQOEOFTNNAKTOTRGHMK--TYGGIIGNIRQAHISIEIVG---KOS--SGGDEIOM-LPNLWQEVGRMKOTRDGG----------------NSDONSETRPGGGNMKDRKAV-GTFG-AFGFRQVQNLOOOYGIYNE
273,ON891080,0.5357,6.271078353627141,1,VWKEKAQEIOVTENFNWKNDDHIKKLTPVVTRDTSOCSOATTEIRDK-KQNVYRLOTSKODMGPKOVQOEOLTNNGKTOTRSRIQ--TYGAIIGDTRQAHOSHFP-----KQS--SGGDEIOT-LPNMWQGVGRNIOTRDGG-------------SGSNIDOKTEIRPGGGDMRDRKAV-G-IG-AFGFRQVQNLSOOYSTYRE
274,ON891037,0.5218,6.282495925235798,1,VWKEKAQEINVIENFNWKNDDHIKKLTPVVTSDKTOCSOATTELRDK-KQKVSTLOTSKOOTGPQOVQOEOLTDNTKTOTRSRIQ--TYGAIVGDIRAAYOSRFP-----KKH--SGGDEIOT-LPNMWQGVGROTSTRDGG----------------KETONTEIRPGGGDMRDRKAV-G-IG-AFGFRQVQNLOOOYEIYNE
275,ON980886,0.506,6.295849483160201,1,VWKETAQEIOVTENFNWKNGEHIKKLTPVATANVOSCTOMSTEIIDK-KKKVQRLOTSKDOTGPNOVQOQOISDNAKIOTRRTLR--VYGEIIGDIRKAYVOYFS----TTDA--SGGDEVQI-LPNMWQEVGRKSSTRDGG----------------ITONTTEIRPGGGNMKDRKAV-G-IG-AFGFRQVQNLOOOYGEYKE
276,OQ912894,0.489,6.310691140876379,1,VWKEOAQEIOVTENFNWKNNEQIKKLTPVVKONTVOCSOIT-KAQDK-KQMGRKLOTSKDOTGLKOVQOAOLSNNAKIOTRSHLK--TY-DIIGNIRQAHSSQF-----NKKA--SGGDEIOT-LPNLWQQVGKQNOTRDGG----------------NONTIOETRPAGGDMRDRKAV-G-LG-AFGFRQVQNLOOOYGIYGE
277,OR508947,0.487,6.3124710387853655,1,VWRESAQEIOVTENFNWKNDEHIKKLTPVAKTSSAOCSOITTNIQDK-RQRQYRLOTSKOEKGPGOVQODOFTDNTKTOTRSPIR--AYGDIIGDIRQAHOSKFK-----TQS--PGGDEIOT-LQNMWQEVGKQKOTRDGG----------------DNORTOETRPGGGDMRDRKAV-G-LG-AFGFRQVQNLOOOYGIYTE
278,ON890990,0.4577,6.339419087572701,1,VWREKAQEIOVTENFNWKNDDHIRKLTPVANVOTKOCSOMTTEIRDK-KKTVYRLOTSKDOTGPKOVQOEOLTDNVKTOTRSRIQ--TYGDIIGDIRQAHOTHFN-----KAH--SGGDEIOT-LPNMWQEVGROTYTRDGG---------------HIONSETETRPGGGDMRNRKAV-G-IG-ALGFRQVQNLOOOYDTYRE
279,ON980887,0.45,6.346787486224656,1,VWKETAQEIOVTENFNWKNGEHIKKLTPVATANVOSCTOMSTEIIDK-KKKVQRLOTSKDOTGPNOVQOQOISDNAKIOTRRTLR--VYGEIIGDIRKAYVOYFS----TTDA--SGGDEVQI-LPNMWQEVGRKSSTRDGG----------------ITONTTEIRPGGGNMKDRKAV-G-IG-AFGFRQVQNLOOOYGEYKE
280,ON890972,0.4276,6.36896230346326,1,VWKEKAQEMOVTENFNWONSDHIKKLTPVAMLOTOOCSOITTEIRDK-KQRVHILOTSKOOTGPHOVQOKOITNNAGTOTRSRIQ--TYGDIIGDIRQAHNOYFP-----KOS--AGGDEINT-LQNMWQTVGQOTDTRDGG---------------TGNNOETETRPGGGDMRDRKAV-G-IG-AFGFREVQNLOOOYSIYSE
281,ON891086,0.4097,6.3875340360468575,1,VWREKAQEVOVTENFNWKNDDHIKKLTPVVNVOTQOCSOATAVLKNK-KKKEYILOTSKDOTGPNOVQOEOITNNVKTOTRSRIQ--AYGDIIGDIRQAHOSYFS-----KEA--SGGDEVST-LPNMWQQVGQOTOTRDGG----------------NVONSTETRPGGGDMRDRKAV-G-LG-AFGFRQVQNLOOOYNTYRE
282,ON980936,0.375,6.425968732272281,1,VWKEOAQEVOVTEPFNWKNNEHIKKLTPVVRNNNIOCSKS------K-GGKEYILOTTKDOTGIKOVQOAOLSNNAKNOTRSHFK--EH-SIIGNIRQAYOSHFQ-----KOS--SGGDEIOT-IPNLWQEVGKIOOTRDGG----------------EGOGTTETRPIGGDMKDRKAV-G-LG-AFGFRQVQNLOOOYGLYTE
283,OR508950,0.346,6.460923901207224,1,VWKEOAQEIOVTEDFNWKNNDHIKKLTPVVTORNTOCTOATARVDNK-VKENYRLOTSKDOTGTKOVQOPOFTDNTKNOTRGHLK--VYD-IIGDIRQAHOSQY------NOS--SGGDEVOT-LSNMWQEVGKEROTRDGG----------------LNKODSETRPGGGDMRDRKAV-GIMG-AFGFRQVQNLOOOYGIYNE
284,OR508949,0.345,6.462180904926726,1,VWKEOAQEIOVTEDFNWKNNDHIKKLTPVVTORNTOCTOATAQVDNK-VKENYRLOTSKDOTGTKOVQOPOFTDNTKNOTRGHLK--VYD-IIGDIRQAHOSQY------NOS--SGGDEVOT-LSNMWQEVGKEROTRDGG----------------LNKODSETRPGGGDMRDRKAV-GIMG-AFGFRQVQNLOOOYGIYNE
285,ON980915,0.343,6.464705879957229,1,VWKETAQEVOVTENFNWKNDEHIKKLTPVATPIATOCSOITTSIRDK-VTKERTLOTSKDOSGPKOVQOEOFTDNTKTOTRSNIR--AFGEIIGNIRQAYTOQFE-----KOS--SGGDEITT-LPNRWQGVGQLSOTRDGG--------------HNNENOETETRPGGGDMRDRKEL-T-LG-AFGFRQVQNLOOOYGIYNE
286,ON980889,0.331,6.480172006224281,1,VWKEOAQEVOVTENFNWKNNDHIKKLTPVLQOSSSOCSOVTTAIRDK-VTKEYMLOTSKDSSGPTOVQOKOFSDNTKNOTRSRIA--AFGDIIGDIRQAHOSQFS-----KKS--SGGDEVOI-LQNLWQEVGKQOOTRDGG---------------KGOTTDTEIRPQGGNMRDRKAV-G-IG-AFGFRQVQNLOOOYSLHSE
287,OR508948,0.321,6.493494967595128,1,VWKEOAQEIOVTEDFNWKNNDHIKKLTPVVTORNTOCTOATARVDNK-VKKNYRLOTSKDOTGTKOVQOPOFTDNTKNOTRGHLK--VYD-IIGDIRQAHOSQY------NOS--SGGDEVOT-LSNMWQEVGKEROTRDGG----------------LNKODSETRPGGGDMRDRKAV-GIMG-AFGFRQVQNLOOOYGIYNE
288,ON980913,0.292,6.534617148551582,1,VWKETAQELOVTENFNWKNDEHIKKLTPVYKAOTQECKOISAEVKNK-QKTEQRLOTSKDOTGPKOVQOQOITDNTKIOTRSSIR--AYGGIIGNIRKAYIOYFT----OTNS--SGGDEIQT-LPNMWQEVGRPTSTRDGG-------------NNOKTGOITEIRPGGGNMKDRKAV-G-IG-AFGFRQVQNLNOOYEEYRE
289,ON890975,0.257,6.590066876668706,1,VWRDIAQEMOVTENFNWKNNDHIKQLTPVVAROTAOCSOITTEVRDK-KKKVNILOTSKOOTGPNKIQOEOMTDNTKTOTRSRIQ--TYGEIIGDIRQAHOSYYY-----KES--SGGDEINT-LPNMWQKVGROTOTRDGG-------------NNGAONTEIEIRPAGGNMKDRKAV---LG-TIGFRQVQNFOOOYDTYKE
290,ON980947,0.255,6.5934598195660445,1,VWKETAQEIOVTESFNWKNNEHIKKLTPVVONTVTOCSOVTNDIGKR-K-KEYRLOTSKEOTGITOVQOAOFSDNVKPOTRSTIA--AYGSIIGDIRQAHOSQYN-----KOS--SGGDEIOT-LPNMWQKVGKIKOTRDGG----------------SSSDSTETRPGGGNMKDRKAA---LG-AFGFRQVQNLOOOYAQYNE
291,ON980912,0.252,6.598599459218456,1,VWKETAQELOVTENFNWKNDEHIKKLTPVYKAOTQECKOISAEVKNK-QKTEQRLOTSKDOTGPKOVQOQOITDNTKIOTRSSIR--AYGGIIGNIRKAYIOYFT----OTNS--SGGDEIQT-LPNMWQEVGRPTSTRDGG-------------NNOKTGOITEIRPGGGNMKDRKAV-G-IG-AFGFRQVQNLNOOYEEYRE
292,ON891091,0.2493,6.603277721496227,1,VWKEKAQELOVTENFDWNNDDHIKKLTPVATST--OCSYATTELKDK-KRKENRMOTSKDOTGPNOVQOKNMIDNTKTOTRSRIQ--IYGAIIGNIREAHOSHFP-----KOS--SGGDEIOT-LPNMWQKVGROTOTRDGG-----------------TOGTEEIRPGGGEMRDRKAV-G-IG-AIGFRQVQNLOSOYNTYKE
293,ON980905,0.233,6.632644078973981,1,VWKDOAQEVOVTENFNWTNNEQIKKLTPVVOVSP-OCSOIT-KSGDK-R---HKLOTSKDOTGPKOVQOAOLSDNAKNOTRSHIK--AY-NIIGDIRQAHOTHF------GAA--SGGDEIDT-LPNLWQRVGKPKOTRDGG---------------NOGTONTETRPAGGDMKDRKAV-G-LG-AFGFRQVQNLOOOYGIYNE
294,ON980906,0.22,6.657577319177793,1,VWKETAQEVOITEDFNWKNDEHIKKLTPVVSTKSPOCSOASTTVKDK-RRKEYRLOTSKONMGPNOVQOQOISDNTKTOTRSRIQ--VYGEIIGDIRKAYTDHSN----VOEP--SGGDEIQT-LPNMWQEVGRQTSTKDGG------------------ONTTEIRPGGGNMKDRKAV-G-MG-AFGFRQVQNLOOOYEEYRE
295,ON980946,0.211,6.675717544702307,1,VWKETAQEIOVTESFNWKNNEHIKKLTPVVONTVTOCSOVTNDIGKR-K-KEYRLOTSKEOTGITOVQOAOFSDNVKPOTRSTIA--AYGSIIGDIRQAHOSQYN-----KOS--SGGDEIOT-LPNMWQKVGKIKOTRDGG----------------SSSDSTETRPGGGNMKDRKAA---LG-AFGFRQVQNLOOOYAQYNE
296,ON980866,0.201,6.696803942579511,1,VWKDTAQEVOVTENFNWKNNEQIKKLTPVAOVTIORCSOLTKLNNNK-RQWGHRLOTSKDOTGPKOVQOAOLSNNAKNOTRSHVK--AYADIIGSIRQAYNOHFG-----KGA--TGGDEIOT-LPNLWQRVGKHNHTRDGGEQN---------ONTGNENONTEIRPTGGEMRDRKAV-G-LG-AFGFRQVQNLOOOYGLYSE
297,ON890973,0.1947,6.710634048479968,1,VWRDIAQEMOVTENFNWKNNDHIKQLTPVVAROTAOCSOITTEVRDK-KKKVHILOTSKOOTGPNOIQOEOMTDNTKTOTRSRIQ--TYGEIIGDIRQAHOSYYH-----KAS--SGGDEINT-LPNMWQKVGQOTOTRDGG-------------NNGAONTEIEIRPAGGNMKDRKAV---LG-TIGFRQVQNFOOOYDTYKE
298,ON980907,0.142,6.847711655616943,1,VWKETAHEVOVTENFNGKNNEHIKKLTPVLGOGTSOCSOITSEARDK-VQREYRMOTSKDOTGKTOVQOVOFTDNARNOTRSHIS--AFGSIIGDIRQAHOSQFG-----KOS--SGGDEITT-LPNMWQQVGKEROTRDGG--------------NDOSTOKTETRPGGGNMKDRKAV-G-IG-ALGFRQVQNROOOYGLYTE
299,ON890969,0.1416,6.84893674664625,1,VWKEKAQEIOVTENFNWKNDDHIKKLTPVISTOTSOCSOITTELRDK-RKKEYRLOTSKOKTGPNKVQOKOLTENSKIOTRSRIQ--TYGEVIGDIRQAYNOHF------TES--AGGDEVOI-LPNMWQEVGROTOTRDGG---------------QGTOSTSETRPGGGDMRDRKAA-G-IG-ALGFRQVQNLOOOYSIYSE
300,ON890961,0.0877,7.05700040663396,1,VWREKAQEMOVTENFNWENDDHIKTLTPVVKYOTIOCSOITTEIRDK-KKKEYVLOTSKDOTGPKOVQOENLGDNSKTOTRSRIQ--SHGEIIGDIRQAYOSLFP-----KQH--SGGDEIOT-IPNMWQRVGKOTOTRDGG--------------GQODTOGTEIRPEGGNMKDRKAV-G-IG-AFGFRQVQNLOOOYDTYEM
301,ON890962,0.0735,7.133712660915805,1,VWREKAQEVOVTENFNWKNDDHIKKLTPVTKKOTKECSOVTTTIRDK-KKREFVLOTSKODTGPDDVQOEOLTNNAKINKRSRIQ--TYGDIIGNIRQAQNOYFP-----KAS--SGGDEINI-LPNMWQRVGQOTOLRDGG----------------TEPONTEIRPGGGDMRDRKAV-G-IG-AFGFRQVQNLOOOYDTYRE
302,ON890974,0.0695,7.158015195409886,1,VWRDIAQEMOVTENFNWKNNDHIKQLTPVVVGOTAOCSOITTEVRDK-KKKVHILOTSKOOTGPNOIQOEOMTDNTKTOTRSRIQ--TYGEIIGDIRQAHOSYYH-----KES--SGGDEIOT-LPNMWQKVGROTOTRDGG----------------RGTOGTETRPAGGNMKDRKAV---LG-TIGFRQVQNFOOOYDTYKE
303,ON980854,0.044,7.356547323513812,1,VWKEOAQEVKVTENFNWKNHEHIKKLTPVQLSOTKOCSOVTSAIEDRRKKTEYRLOTTKOSKGPTSVQODOFTDNAKINIRGHVR--AY-DIIGDIRQAHOSKY------KOS--SGGDEIOT-LSNMWQKVGKPROMRDGG-------------RGTEIDOTTEIRPVGGDMRDRKAV-G-IG-AFGFRQVQNLOOOYDAYTE
